time,angle_x_filter_R,angle_x_filter_L,angle_x_filter_M,angle_y_filter_R,angle_y_filter_L,angle_y_filter_M,angle_x_raw_R,angle_x_raw_L,angle_x_raw_M,angle_y_raw_R,angle_y_raw_L,angle_y_raw_M,radiation_R,radiation_L,radiation_M,temp_R,temp_L,temp_M
2018-01-29 21:45:21.630,-2.144,-2.387,-2.243,-1.539,-1.824,-1.828,-2.149,-2.394,-2.247,-1.535,-1.833,-1.826,699.0,684.0,704.0,18.7,19.0,21.4
2018-01-29 21:45:21.755,-2.145,-2.387,-2.243,-1.539,-1.824,-1.829,-2.15,-2.387,-2.243,-1.544,-1.828,-1.838,699.0,684.0,704.0,18.7,19.0,21.4
2018-01-29 21:45:21.926,-2.145,-2.388,-2.244,-1.539,-1.825,-1.829,-2.149,-2.403,-2.255,-1.549,-1.842,-1.832,699.0,684.0,704.0,18.7,19.0,21.4
2018-01-29 21:45:22.051,-2.145,-2.389,-2.245,-1.539,-1.825,-1.829,-2.149,-2.393,-2.239,-1.547,-1.833,-1.832,699.0,685.0,704.0,18.8,19.1,21.5
2018-01-29 21:45:22.176,-2.146,-2.389,-2.246,-1.54,-1.826,-1.829,-2.138,-2.402,-2.243,-1.542,-1.828,-1.845,699.0,685.0,704.0,18.8,19.2,21.6
2018-01-29 21:45:22.302,-2.146,-2.39,-2.247,-1.54,-1.826,-1.829,-2.154,-2.378,-2.248,-1.545,-1.808,-1.833,699.0,685.0,704.0,18.9,19.3,21.8
2018-01-29 21:45:22.427,-2.146,-2.39,-2.247,-1.54,-1.827,-1.83,-2.149,-2.394,-2.243,-1.549,-1.82,-1.838,700.0,686.0,704.0,18.9,19.4,21.9
2018-01-29 21:45:22.598,-2.146,-2.391,-2.248,-1.54,-1.828,-1.83,-2.144,-2.399,-2.251,-1.552,-1.837,-1.839,700.0,686.0,704.0,18.9,19.5,22.0
2018-01-29 21:45:22.723,-2.147,-2.391,-2.248,-1.541,-1.828,-1.831,-2.16,-2.393,-2.247,-1.552,-1.833,-1.831,701.0,687.0,704.0,18.9,19.6,22.2
2018-01-29 21:45:22.848,-2.147,-2.391,-2.248,-1.542,-1.828,-1.831,-2.146,-2.389,-2.24,-1.545,-1.828,-1.851,701.0,687.0,704.0,19.0,19.7,22.3
2018-01-29 21:45:22.973,-2.147,-2.392,-2.248,-1.542,-1.829,-1.832,-2.149,-2.393,-2.251,-1.535,-1.833,-1.823,702.0,688.0,704.0,19.0,19.7,22.4
2018-01-29 21:45:23.113,-2.147,-2.392,-2.248,-1.543,-1.829,-1.833,-2.135,-2.39,-2.248,-1.535,-1.829,-1.845,702.0,688.0,705.0,19.1,19.8,22.5
2018-01-29 21:45:23.254,-2.148,-2.392,-2.248,-1.544,-1.83,-1.834,-2.15,-2.394,-2.251,-1.544,-1.833,-1.839,702.0,689.0,705.0,19.1,19.8,22.6
2018-01-29 21:45:23.379,-2.148,-2.392,-2.248,-1.545,-1.83,-1.835,-2.161,-2.394,-2.252,-1.549,-1.833,-1.846,702.0,689.0,705.0,19.2,19.8,22.6
2018-01-29 21:45:23.504,-2.148,-2.392,-2.247,-1.545,-1.831,-1.836,-2.154,-2.397,-2.224,-1.547,-1.837,-1.75,702.0,690.0,706.0,19.2,19.7,22.6
2018-01-29 21:45:23.629,-2.148,-2.392,-2.248,-1.546,-1.831,-1.837,-2.142,-2.399,-2.251,-1.545,-1.825,-1.839,703.0,690.0,706.0,19.2,19.7,22.6
2018-01-29 21:45:23.769,-2.149,-2.393,-2.248,-1.546,-1.831,-1.837,-2.144,-2.399,-2.244,-1.552,-1.837,-1.839,702.0,691.0,706.0,19.2,19.6,22.6
2018-01-29 21:45:23.925,-2.149,-2.393,-2.248,-1.547,-1.832,-1.837,-2.149,-2.399,-2.248,-1.549,-1.825,-1.845,702.0,691.0,706.0,19.3,19.6,22.6
2018-01-29 21:45:24.050,-2.15,-2.393,-2.248,-1.548,-1.832,-1.838,-2.15,-2.397,-2.256,-1.559,-1.837,-1.852,702.0,691.0,706.0,19.2,19.5,22.6
2018-01-29 21:45:24.175,-2.15,-2.394,-2.248,-1.548,-1.832,-1.838,-2.155,-2.394,-2.243,-1.554,-1.833,-1.838,702.0,692.0,706.0,19.2,19.5,22.5
2018-01-29 21:45:24.300,-2.15,-2.394,-2.248,-1.549,-1.833,-1.839,-2.148,-2.399,-2.248,-1.552,-1.837,-1.833,702.0,692.0,706.0,19.2,19.5,22.4
2018-01-29 21:45:24.456,-2.15,-2.394,-2.248,-1.549,-1.833,-1.839,-2.155,-2.397,-2.248,-1.554,-1.837,-1.845,702.0,691.0,707.0,19.2,19.5,22.4
2018-01-29 21:45:24.596,-2.15,-2.395,-2.249,-1.55,-1.834,-1.84,-2.143,-2.394,-2.252,-1.54,-1.833,-1.846,702.0,691.0,708.0,19.2,19.4,22.2
2018-01-29 21:45:24.721,-2.151,-2.395,-2.249,-1.55,-1.834,-1.841,-2.164,-2.406,-2.251,-1.551,-1.843,-1.839,702.0,691.0,708.0,19.2,19.4,22.0
2018-01-29 21:45:24.846,-2.151,-2.395,-2.25,-1.55,-1.834,-1.84,-2.156,-2.402,-2.256,-1.552,-1.828,-1.852,702.0,690.0,708.0,19.2,19.5,21.9
2018-01-29 21:45:24.970,-2.151,-2.395,-2.251,-1.551,-1.834,-1.84,-2.163,-2.398,-2.251,-1.556,-1.824,-1.844,702.0,690.0,708.0,19.2,19.5,21.9
2018-01-29 21:45:25.142,-2.151,-2.396,-2.251,-1.551,-1.835,-1.839,-2.155,-2.399,-2.251,-1.554,-1.837,-1.839,702.0,691.0,708.0,19.2,19.5,21.8
2018-01-29 21:45:25.267,-2.152,-2.396,-2.252,-1.551,-1.835,-1.838,-2.154,-2.387,-2.252,-1.545,-1.838,-1.846,702.0,691.0,708.0,19.2,19.5,21.8
2018-01-29 21:45:25.392,-2.152,-2.396,-2.252,-1.551,-1.835,-1.838,-2.138,-2.385,-2.256,-1.556,-1.824,-1.839,702.0,691.0,707.0,19.2,19.5,21.9
2018-01-29 21:45:25.516,-2.152,-2.396,-2.253,-1.551,-1.835,-1.838,-2.155,-2.399,-2.256,-1.554,-1.837,-1.834,703.0,691.0,707.0,19.2,19.5,21.9
2018-01-29 21:45:25.657,-2.152,-2.396,-2.254,-1.551,-1.835,-1.839,-2.167,-2.394,-2.252,-1.557,-1.833,-1.858,703.0,691.0,707.0,19.2,19.5,22.0
2018-01-29 21:45:25.813,-2.153,-2.396,-2.254,-1.551,-1.835,-1.839,-2.156,-2.391,-2.256,-1.552,-1.842,-1.852,703.0,690.0,707.0,19.1,19.6,22.0
2018-01-29 21:45:25.938,-2.153,-2.396,-2.255,-1.551,-1.835,-1.84,-2.16,-2.394,-2.252,-1.552,-1.833,-1.858,704.0,690.0,707.0,19.1,19.6,22.1
2018-01-29 21:45:26.062,-2.153,-2.396,-2.255,-1.551,-1.835,-1.841,-2.166,-2.39,-2.26,-1.559,-1.829,-1.845,704.0,690.0,707.0,19.1,19.6,22.2
2018-01-29 21:45:26.187,-2.153,-2.395,-2.255,-1.552,-1.834,-1.842,-2.16,-2.414,-2.252,-1.552,-1.838,-1.84,704.0,689.0,707.0,19.0,19.7,22.2
2018-01-29 21:45:26.343,-2.153,-2.394,-2.256,-1.552,-1.832,-1.843,-2.161,-2.41,-2.252,-1.561,-1.847,-1.846,704.0,689.0,707.0,19.0,19.7,22.2
2018-01-29 21:45:26.499,-2.154,-2.393,-2.256,-1.552,-1.831,-1.844,-2.167,-2.4,-2.256,-1.557,-1.851,-1.852,704.0,689.0,708.0,19.0,19.7,22.2
2018-01-29 21:45:26.624,-2.154,-2.394,-2.256,-1.552,-1.831,-1.844,-2.155,-2.4,-2.248,-1.557,-1.847,-1.852,704.0,688.0,708.0,19.0,19.7,22.1
2018-01-29 21:45:26.749,-2.155,-2.395,-2.257,-1.553,-1.832,-1.845,-2.154,-2.404,-2.252,-1.559,-1.855,-1.858,703.0,688.0,708.0,19.1,19.7,22.1
2018-01-29 21:45:26.874,-2.156,-2.396,-2.257,-1.553,-1.834,-1.845,-2.15,-2.409,-2.256,-1.559,-1.846,-1.846,702.0,688.0,709.0,19.1,19.6,22.0
2018-01-29 21:45:27.045,-2.157,-2.398,-2.257,-1.554,-1.836,-1.846,-2.155,-2.402,-2.256,-1.547,-1.828,-1.852,702.0,688.0,709.0,19.2,19.6,22.0
2018-01-29 21:45:27.170,-2.158,-2.399,-2.257,-1.555,-1.839,-1.846,-2.169,-2.414,-2.26,-1.561,-1.838,-1.857,701.0,688.0,709.0,19.3,19.6,21.9
2018-01-29 21:45:27.295,-2.158,-2.4,-2.258,-1.556,-1.841,-1.847,-2.161,-2.399,-2.256,-1.561,-1.837,-1.852,701.0,688.0,709.0,19.3,19.6,21.9
2018-01-29 21:45:27.420,-2.159,-2.401,-2.258,-1.556,-1.842,-1.848,-2.172,-2.397,-2.256,-1.555,-1.85,-1.852,700.0,688.0,709.0,19.3,19.6,21.9
2018-01-29 21:45:27.560,-2.159,-2.402,-2.258,-1.557,-1.843,-1.849,-2.167,-2.399,-2.264,-1.557,-1.837,-1.851,700.0,688.0,709.0,19.3,19.6,21.8
2018-01-29 21:45:27.716,-2.16,-2.403,-2.259,-1.557,-1.844,-1.85,-2.163,-2.406,-2.264,-1.556,-1.843,-1.851,700.0,688.0,709.0,19.3,19.6,21.9
2018-01-29 21:45:27.841,-2.16,-2.404,-2.259,-1.556,-1.845,-1.85,-2.173,-2.413,-2.26,-1.564,-1.851,-1.857,700.0,688.0,708.0,19.3,19.7,21.9
2018-01-29 21:45:27.966,-2.16,-2.404,-2.26,-1.556,-1.845,-1.851,-2.161,-2.414,-2.26,-1.561,-1.851,-1.857,700.0,688.0,708.0,19.3,19.7,22.0
2018-01-29 21:45:28.090,-2.16,-2.405,-2.26,-1.556,-1.846,-1.852,-2.166,-2.41,-2.26,-1.562,-1.847,-1.845,701.0,688.0,707.0,19.3,19.7,22.0
2018-01-29 21:45:28.246,-2.16,-2.405,-2.26,-1.556,-1.846,-1.852,-2.161,-2.409,-2.268,-1.564,-1.86,-1.839,701.0,688.0,707.0,19.3,19.7,22.1
2018-01-29 21:45:28.387,-2.16,-2.406,-2.261,-1.557,-1.846,-1.852,-2.163,-2.41,-2.258,-1.57,-1.847,-1.854,701.0,688.0,706.0,19.3,19.7,22.2
2018-01-29 21:45:28.512,-2.16,-2.406,-2.261,-1.557,-1.846,-1.853,-2.112,-2.401,-2.256,-1.492,-1.841,-1.852,701.0,688.0,706.0,19.2,19.8,22.2
2018-01-29 21:45:28.636,-2.16,-2.406,-2.262,-1.557,-1.846,-1.853,-2.168,-2.409,-2.26,-1.566,-1.846,-1.857,702.0,688.0,706.0,19.2,19.7,22.2
2018-01-29 21:45:28.761,-2.16,-2.407,-2.262,-1.558,-1.846,-1.853,-2.167,-2.409,-2.26,-1.571,-1.846,-1.857,702.0,688.0,707.0,19.2,19.7,22.1
2018-01-29 21:45:28.933,-2.16,-2.407,-2.262,-1.558,-1.846,-1.853,-2.161,-2.413,-2.273,-1.561,-1.851,-1.852,702.0,689.0,708.0,19.1,19.7,22.1
2018-01-29 21:45:29.058,-2.159,-2.408,-2.262,-1.559,-1.846,-1.853,-2.165,-2.403,-2.272,-1.462,-1.842,-1.87,703.0,689.0,708.0,19.1,19.6,22.0
2018-01-29 21:45:29.182,-2.158,-2.408,-2.263,-1.559,-1.846,-1.853,-2.168,-2.414,-2.26,-1.566,-1.851,-1.845,703.0,689.0,709.0,19.0,19.6,22.0
2018-01-29 21:45:29.307,-2.158,-2.409,-2.263,-1.559,-1.846,-1.854,-2.173,-2.418,-2.268,-1.564,-1.842,-1.857,703.0,689.0,709.0,19.0,19.6,21.9
2018-01-29 21:45:29.448,-2.159,-2.409,-2.264,-1.559,-1.846,-1.854,-2.168,-2.413,-2.264,-1.566,-1.851,-1.858,703.0,690.0,709.0,19.0,19.6,21.9
2018-01-29 21:45:29.604,-2.159,-2.41,-2.264,-1.559,-1.847,-1.854,-2.161,-2.404,-2.264,-1.561,-1.842,-1.87,703.0,690.0,709.0,19.0,19.5,21.9
2018-01-29 21:45:29.744,-2.16,-2.411,-2.264,-1.559,-1.847,-1.854,-2.167,-2.404,-2.256,-1.557,-1.855,-1.852,703.0,691.0,709.0,19.1,19.5,21.9
2018-01-29 21:45:29.869,-2.161,-2.412,-2.265,-1.559,-1.848,-1.855,-2.177,-2.414,-2.264,-1.564,-1.851,-1.851,703.0,691.0,709.0,19.1,19.5,21.9
2018-01-29 21:45:29.994,-2.162,-2.412,-2.265,-1.559,-1.848,-1.855,-2.163,-2.41,-2.264,-1.57,-1.847,-1.858,703.0,691.0,709.0,19.1,19.5,21.9
2018-01-29 21:45:30.150,-2.163,-2.413,-2.265,-1.56,-1.849,-1.855,-2.161,-2.409,-2.268,-1.561,-1.86,-1.839,703.0,690.0,709.0,19.1,19.5,21.9
2018-01-29 21:45:30.290,-2.165,-2.413,-2.265,-1.56,-1.85,-1.856,-2.181,-2.413,-2.268,-1.563,-1.864,-1.857,703.0,690.0,709.0,19.1,19.5,21.9
2018-01-29 21:45:30.415,-2.165,-2.413,-2.265,-1.561,-1.85,-1.856,-2.166,-2.383,-2.268,-1.559,-1.774,-1.864,703.0,689.0,708.0,19.2,19.6,22.0
2018-01-29 21:45:30.540,-2.166,-2.413,-2.266,-1.561,-1.851,-1.857,-2.178,-2.418,-2.264,-1.559,-1.842,-1.851,703.0,688.0,708.0,19.2,19.7,22.0
2018-01-29 21:45:30.664,-2.167,-2.413,-2.266,-1.562,-1.851,-1.857,-2.175,-2.409,-2.268,-1.568,-1.86,-1.864,702.0,688.0,707.0,19.2,19.7,22.0
2018-01-29 21:45:30.836,-2.169,-2.413,-2.266,-1.562,-1.851,-1.858,-2.168,-2.413,-2.272,-1.566,-1.851,-1.87,702.0,687.0,707.0,19.2,19.8,22.1
2018-01-29 21:45:30.961,-2.17,-2.412,-2.267,-1.563,-1.851,-1.858,-2.172,-2.41,-2.272,-1.566,-1.86,-1.87,701.0,686.0,707.0,19.3,19.9,22.1
2018-01-29 21:45:31.086,-2.17,-2.412,-2.268,-1.564,-1.851,-1.859,-2.161,-2.418,-2.269,-1.561,-1.855,-1.859,701.0,685.0,706.0,19.3,20.0,22.1
2018-01-29 21:45:31.226,-2.171,-2.412,-2.269,-1.564,-1.851,-1.859,-2.174,-2.414,-2.268,-1.573,-1.851,-1.857,700.0,685.0,706.0,19.4,20.0,22.1
2018-01-29 21:45:31.382,-2.171,-2.412,-2.269,-1.565,-1.851,-1.859,-2.172,-2.417,-2.268,-1.569,-1.855,-1.864,700.0,685.0,706.0,19.4,20.0,22.1
2018-01-29 21:45:31.538,-2.171,-2.413,-2.27,-1.565,-1.851,-1.86,-2.174,-2.413,-2.268,-1.573,-1.851,-1.864,699.0,685.0,707.0,19.4,19.9,22.1
2018-01-29 21:45:31.663,-2.171,-2.413,-2.271,-1.566,-1.852,-1.86,-2.17,-2.414,-2.268,-1.562,-1.851,-1.857,699.0,686.0,707.0,19.4,19.9,22.1
2018-01-29 21:45:31.788,-2.171,-2.413,-2.272,-1.566,-1.852,-1.86,-2.168,-2.414,-2.269,-1.568,-1.851,-1.859,700.0,686.0,707.0,19.4,19.8,22.1
2018-01-29 21:45:31.912,-2.171,-2.414,-2.272,-1.567,-1.853,-1.861,-2.168,-2.414,-2.272,-1.566,-1.851,-1.857,700.0,687.0,707.0,19.3,19.7,22.1
2018-01-29 21:45:32.084,-2.171,-2.414,-2.272,-1.567,-1.853,-1.861,-2.18,-2.417,-2.273,-1.568,-1.855,-1.872,701.0,688.0,708.0,19.3,19.6,22.0
2018-01-29 21:45:32.209,-2.171,-2.414,-2.272,-1.568,-1.854,-1.862,-2.174,-2.42,-2.272,-1.573,-1.869,-1.87,702.0,689.0,708.0,19.1,19.5,21.9
2018-01-29 21:45:32.343,-2.171,-2.415,-2.273,-1.568,-1.854,-1.862,-2.179,-2.417,-2.272,-1.574,-1.855,-1.87,703.0,689.0,708.0,19.1,19.4,21.9
2018-01-29 21:45:32.483,-2.172,-2.415,-2.273,-1.569,-1.855,-1.863,-2.169,-2.421,-2.28,-1.575,-1.857,-1.869,703.0,690.0,709.0,19.0,19.3,21.9
2018-01-29 21:45:32.608,-2.173,-2.415,-2.273,-1.569,-1.856,-1.863,-2.18,-2.418,-2.281,-1.568,-1.855,-1.871,704.0,690.0,710.0,18.9,19.3,21.8
2018-01-29 21:45:32.733,-2.174,-2.416,-2.273,-1.569,-1.857,-1.863,-2.18,-2.424,-2.277,-1.583,-1.86,-1.858,704.0,691.0,710.0,18.8,19.3,21.8
2018-01-29 21:45:32.857,-2.175,-2.416,-2.273,-1.57,-1.858,-1.864,-2.174,-2.418,-2.277,-1.573,-1.855,-1.858,704.0,691.0,710.0,18.8,19.2,21.8
2018-01-29 21:45:33.013,-2.175,-2.417,-2.274,-1.57,-1.858,-1.864,-2.181,-2.421,-2.276,-1.578,-1.846,-1.863,704.0,691.0,710.0,18.9,19.2,21.8
2018-01-29 21:45:33.169,-2.176,-2.418,-2.274,-1.572,-1.859,-1.864,-2.18,-2.422,-2.272,-1.568,-1.86,-1.87,703.0,691.0,710.0,18.9,19.2,21.8
2018-01-29 21:45:33.294,-2.176,-2.419,-2.274,-1.572,-1.859,-1.865,-2.181,-2.433,-2.277,-1.578,-1.833,-1.865,702.0,691.0,710.0,19.0,19.2,21.8
2018-01-29 21:45:33.419,-2.177,-2.419,-2.275,-1.573,-1.859,-1.865,-2.18,-2.422,-2.281,-1.568,-1.846,-1.871,702.0,691.0,710.0,19.1,19.2,21.8
2018-01-29 21:45:33.544,-2.177,-2.42,-2.275,-1.574,-1.859,-1.865,-2.186,-2.424,-2.276,-1.573,-1.86,-1.863,701.0,691.0,710.0,19.2,19.3,21.8
2018-01-29 21:45:33.715,-2.178,-2.421,-2.275,-1.574,-1.859,-1.865,-2.181,-2.418,-2.28,-1.578,-1.855,-1.869,701.0,690.0,710.0,19.2,19.4,21.8
2018-01-29 21:45:33.840,-2.178,-2.422,-2.276,-1.574,-1.859,-1.865,-2.192,-2.434,-2.281,-1.58,-1.869,-1.871,701.0,689.0,710.0,19.2,19.5,21.8
2018-01-29 21:45:33.965,-2.179,-2.422,-2.276,-1.575,-1.859,-1.865,-2.181,-2.424,-2.281,-1.578,-1.86,-1.871,701.0,689.0,710.0,19.2,19.5,21.8
2018-01-29 21:45:34.090,-2.179,-2.423,-2.277,-1.575,-1.86,-1.866,-2.185,-2.424,-2.281,-1.581,-1.86,-1.864,701.0,688.0,710.0,19.3,19.5,21.8
2018-01-29 21:45:34.230,-2.18,-2.424,-2.277,-1.576,-1.861,-1.866,-2.192,-2.424,-2.284,-1.58,-1.86,-1.875,700.0,688.0,710.0,19.3,19.5,21.8
2018-01-29 21:45:34.367,-2.18,-2.424,-2.277,-1.576,-1.862,-1.867,-2.181,-2.428,-2.281,-1.578,-1.865,-1.864,700.0,688.0,710.0,19.3,19.5,21.8
2018-01-29 21:45:34.492,-2.18,-2.425,-2.278,-1.576,-1.863,-1.868,-2.181,-2.421,-2.285,-1.578,-1.857,-1.857,700.0,688.0,710.0,19.3,19.5,21.8
2018-01-29 21:45:34.617,-2.18,-2.426,-2.278,-1.577,-1.864,-1.868,-2.183,-2.428,-2.276,-1.582,-1.865,-1.876,700.0,687.0,710.0,19.3,19.5,21.8
2018-01-29 21:45:34.773,-2.181,-2.427,-2.278,-1.577,-1.866,-1.868,-2.18,-2.417,-2.276,-1.568,-1.868,-1.863,700.0,687.0,709.0,19.3,19.6,21.8
2018-01-29 21:45:34.897,-2.181,-2.428,-2.278,-1.577,-1.866,-1.869,-2.173,-2.432,-2.285,-1.578,-1.869,-1.877,700.0,687.0,709.0,19.3,19.6,21.8
2018-01-29 21:45:35.022,-2.181,-2.428,-2.279,-1.577,-1.867,-1.87,-2.185,-2.432,-2.289,-1.578,-1.869,-1.87,700.0,687.0,709.0,19.4,19.6,21.8
2018-01-29 21:45:35.147,-2.182,-2.429,-2.279,-1.578,-1.868,-1.871,-2.19,-2.438,-2.273,-1.562,-1.874,-1.872,699.0,687.0,709.0,19.4,19.5,21.8
2018-01-29 21:45:35.273,-2.182,-2.429,-2.28,-1.578,-1.868,-1.872,-2.181,-2.434,-2.28,-1.578,-1.869,-1.869,699.0,687.0,709.0,19.4,19.5,21.8
2018-01-29 21:45:35.429,-2.183,-2.429,-2.28,-1.578,-1.869,-1.873,-2.179,-2.428,-2.289,-1.588,-1.878,-1.883,699.0,687.0,709.0,19.4,19.6,21.8
2018-01-29 21:45:35.569,-2.183,-2.429,-2.281,-1.578,-1.869,-1.875,-2.18,-2.422,-2.285,-1.583,-1.873,-1.877,699.0,687.0,709.0,19.4,19.6,21.7
2018-01-29 21:45:35.694,-2.183,-2.429,-2.281,-1.578,-1.869,-1.876,-2.186,-2.428,-2.276,-1.587,-1.878,-1.876,699.0,686.0,709.0,19.4,19.7,21.7
2018-01-29 21:45:35.819,-2.184,-2.429,-2.282,-1.579,-1.87,-1.877,-2.185,-2.44,-2.281,-1.581,-1.877,-1.871,699.0,686.0,709.0,19.4,19.7,21.7
2018-01-29 21:45:35.944,-2.184,-2.429,-2.282,-1.579,-1.87,-1.877,-2.18,-2.434,-2.289,-1.583,-1.869,-1.87,700.0,685.0,709.0,19.4,19.8,21.7
2018-01-29 21:45:36.115,-2.184,-2.429,-2.282,-1.579,-1.87,-1.877,-2.188,-2.43,-2.285,-1.582,-1.865,-1.877,700.0,685.0,709.0,19.3,19.9,21.7
2018-01-29 21:45:36.240,-2.185,-2.429,-2.283,-1.58,-1.871,-1.877,-2.192,-2.432,-2.284,-1.58,-1.882,-1.875,700.0,684.0,709.0,19.3,19.9,21.8
2018-01-29 21:45:36.359,-2.185,-2.429,-2.283,-1.58,-1.871,-1.876,-2.191,-2.44,-2.257,-1.585,-1.877,-1.82,701.0,684.0,709.0,19.3,19.9,21.8
2018-01-29 21:45:36.531,-2.186,-2.429,-2.284,-1.58,-1.872,-1.876,-2.188,-2.434,-2.285,-1.582,-1.869,-1.877,701.0,684.0,709.0,19.2,19.9,21.9
2018-01-29 21:45:36.656,-2.186,-2.43,-2.284,-1.581,-1.872,-1.875,-2.186,-2.43,-2.289,-1.587,-1.865,-1.883,702.0,685.0,708.0,19.2,19.8,22.1
2018-01-29 21:45:36.780,-2.186,-2.43,-2.284,-1.581,-1.872,-1.874,-2.18,-2.436,-2.294,-1.583,-1.873,-1.889,702.0,685.0,707.0,19.2,19.8,22.1
2018-01-29 21:45:36.905,-2.186,-2.431,-2.285,-1.582,-1.872,-1.874,-2.198,-2.424,-2.281,-1.59,-1.874,-1.883,702.0,686.0,707.0,19.2,19.8,22.2
2018-01-29 21:45:37.046,-2.186,-2.431,-2.285,-1.582,-1.872,-1.873,-2.186,-2.438,-2.285,-1.587,-1.874,-1.877,702.0,686.0,707.0,19.2,19.7,22.2
2018-01-29 21:45:37.202,-2.186,-2.432,-2.286,-1.582,-1.872,-1.873,-2.194,-2.438,-2.289,-1.589,-1.874,-1.87,702.0,686.0,706.0,19.2,19.8,22.3
2018-01-29 21:45:37.326,-2.187,-2.432,-2.286,-1.583,-1.873,-1.873,-2.191,-2.434,-2.289,-1.585,-1.869,-1.87,702.0,686.0,706.0,19.2,19.8,22.3
2018-01-29 21:45:37.451,-2.187,-2.432,-2.287,-1.584,-1.873,-1.873,-2.185,-2.434,-2.281,-1.578,-1.869,-1.883,702.0,686.0,706.0,19.2,19.8,22.3
2018-01-29 21:45:37.576,-2.187,-2.432,-2.287,-1.584,-1.873,-1.874,-2.198,-2.434,-2.285,-1.59,-1.869,-1.877,701.0,686.0,706.0,19.2,19.8,22.2
2018-01-29 21:45:37.732,-2.187,-2.433,-2.287,-1.585,-1.873,-1.874,-2.187,-2.44,-2.281,-1.585,-1.877,-1.871,701.0,685.0,706.0,19.2,19.8,22.2
2018-01-29 21:45:37.872,-2.187,-2.433,-2.287,-1.586,-1.874,-1.876,-2.192,-2.438,-2.289,-1.58,-1.874,-1.883,701.0,685.0,706.0,19.3,19.9,22.2
2018-01-29 21:45:37.997,-2.188,-2.433,-2.287,-1.586,-1.874,-1.876,-2.186,-2.438,-2.29,-1.587,-1.874,-1.89,700.0,684.0,706.0,19.3,19.9,22.2
2018-01-29 21:45:38.122,-2.188,-2.433,-2.287,-1.586,-1.875,-1.877,-2.193,-2.434,-2.293,-1.595,-1.869,-1.845,700.0,684.0,706.0,19.3,20.0,22.1
2018-01-29 21:45:38.247,-2.189,-2.433,-2.287,-1.587,-1.875,-1.877,-2.183,-2.438,-2.294,-1.582,-1.874,-1.878,700.0,683.0,706.0,19.3,20.0,22.1
2018-01-29 21:45:38.418,-2.19,-2.433,-2.287,-1.587,-1.876,-1.878,-2.192,-2.442,-2.285,-1.58,-1.878,-1.895,699.0,683.0,706.0,19.3,20.0,22.0
2018-01-29 21:45:38.543,-2.191,-2.433,-2.287,-1.587,-1.876,-1.878,-2.194,-2.432,-2.289,-1.589,-1.882,-1.883,699.0,683.0,707.0,19.4,20.1,21.9
2018-01-29 21:45:38.668,-2.191,-2.433,-2.288,-1.587,-1.876,-1.879,-2.192,-2.436,-2.294,-1.58,-1.873,-1.889,699.0,682.0,707.0,19.4,20.1,21.8
2018-01-29 21:45:38.793,-2.191,-2.433,-2.289,-1.587,-1.877,-1.879,-2.199,-2.432,-2.285,-1.585,-1.882,-1.877,699.0,683.0,707.0,19.4,20.0,21.8
2018-01-29 21:45:38.933,-2.192,-2.434,-2.289,-1.588,-1.877,-1.88,-2.193,-2.436,-2.29,-1.595,-1.886,-1.885,699.0,683.0,707.0,19.4,20.0,21.8
2018-01-29 21:45:39.089,-2.192,-2.434,-2.29,-1.588,-1.877,-1.881,-2.194,-2.444,-2.289,-1.589,-1.879,-1.883,699.0,683.0,707.0,19.3,19.9,21.8
2018-01-29 21:45:39.214,-2.192,-2.435,-2.291,-1.588,-1.878,-1.882,-2.188,-2.444,-2.289,-1.597,-1.879,-1.888,700.0,684.0,707.0,19.3,19.9,21.8
2018-01-29 21:45:39.339,-2.192,-2.435,-2.291,-1.589,-1.879,-1.882,-2.186,-2.434,-2.289,-1.59,-1.869,-1.888,700.0,684.0,707.0,19.3,19.8,21.8
2018-01-29 21:45:39.464,-2.192,-2.436,-2.291,-1.589,-1.879,-1.882,-2.193,-2.431,-2.285,-1.595,-1.881,-1.895,700.0,685.0,707.0,19.2,19.8,21.8
2018-01-29 21:45:39.620,-2.191,-2.436,-2.292,-1.589,-1.88,-1.883,-2.193,-2.438,-2.294,-1.595,-1.874,-1.889,701.0,685.0,707.0,19.2,19.7,21.8
2018-01-29 21:45:39.760,-2.191,-2.437,-2.292,-1.59,-1.881,-1.884,-2.193,-2.446,-2.288,-1.595,-1.882,-1.884,701.0,685.0,707.0,19.1,19.7,21.9
2018-01-29 21:45:39.885,-2.191,-2.437,-2.293,-1.59,-1.881,-1.884,-2.199,-2.445,-2.29,-1.599,-1.879,-1.89,702.0,686.0,707.0,19.1,19.6,21.9
2018-01-29 21:45:40.010,-2.191,-2.438,-2.293,-1.59,-1.882,-1.884,-2.199,-2.456,-2.298,-1.599,-1.891,-1.889,702.0,686.0,707.0,19.1,19.6,21.9
2018-01-29 21:45:40.134,-2.191,-2.438,-2.293,-1.59,-1.882,-1.885,-2.2,-2.442,-2.289,-1.597,-1.878,-1.883,702.0,687.0,707.0,19.1,19.6,22.0
2018-01-29 21:45:40.306,-2.192,-2.439,-2.293,-1.59,-1.883,-1.885,-2.188,-2.446,-2.294,-1.597,-1.869,-1.896,702.0,687.0,707.0,19.1,19.5,22.0
2018-01-29 21:45:40.431,-2.192,-2.44,-2.294,-1.591,-1.884,-1.886,-2.199,-2.442,-2.302,-1.599,-1.878,-1.895,701.0,687.0,707.0,19.2,19.5,22.0
2018-01-29 21:45:40.556,-2.193,-2.44,-2.294,-1.591,-1.884,-1.886,-2.199,-2.407,-2.298,-1.599,-1.809,-1.884,701.0,688.0,707.0,19.2,19.5,22.1
2018-01-29 21:45:40.680,-2.194,-2.441,-2.294,-1.591,-1.884,-1.886,-2.198,-2.436,-2.294,-1.59,-1.886,-1.883,701.0,688.0,707.0,19.3,19.5,22.1
2018-01-29 21:45:40.821,-2.194,-2.441,-2.295,-1.591,-1.884,-1.887,-2.198,-2.439,-2.294,-1.59,-1.874,-1.891,700.0,688.0,707.0,19.3,19.5,22.1
2018-01-29 21:45:40.961,-2.195,-2.442,-2.296,-1.591,-1.883,-1.887,-2.198,-2.445,-2.294,-1.59,-1.879,-1.883,700.0,688.0,707.0,19.3,19.6,22.1
2018-01-29 21:45:41.086,-2.196,-2.442,-2.297,-1.591,-1.883,-1.887,-2.193,-2.448,-2.306,-1.595,-1.883,-1.901,699.0,688.0,707.0,19.4,19.6,22.1
2018-01-29 21:45:41.211,-2.197,-2.443,-2.297,-1.591,-1.883,-1.887,-2.193,-2.452,-2.302,-1.595,-1.887,-1.895,699.0,688.0,707.0,19.4,19.6,22.1
2018-01-29 21:45:41.336,-2.198,-2.443,-2.298,-1.591,-1.883,-1.887,-2.198,-2.429,-2.298,-1.59,-1.846,-1.889,699.0,688.0,706.0,19.4,19.6,22.1
2018-01-29 21:45:41.492,-2.199,-2.444,-2.298,-1.591,-1.883,-1.887,-2.23,-2.456,-2.302,-1.561,-1.891,-1.883,699.0,688.0,706.0,19.3,19.6,22.1
2018-01-29 21:45:41.648,-2.2,-2.445,-2.299,-1.591,-1.883,-1.889,-2.198,-2.453,-2.298,-1.59,-1.888,-1.889,699.0,688.0,706.0,19.3,19.6,22.1
2018-01-29 21:45:41.772,-2.201,-2.445,-2.3,-1.592,-1.884,-1.889,-2.189,-2.453,-2.302,-1.589,-1.888,-1.895,700.0,687.0,706.0,19.3,19.6,22.1
2018-01-29 21:45:41.897,-2.201,-2.446,-2.3,-1.592,-1.884,-1.89,-2.2,-2.456,-2.298,-1.58,-1.891,-1.889,700.0,687.0,706.0,19.2,19.6,22.1
2018-01-29 21:45:42.022,-2.202,-2.447,-2.301,-1.592,-1.885,-1.891,-2.206,-2.452,-2.294,-1.601,-1.889,-1.896,700.0,686.0,706.0,19.2,19.7,22.0
2018-01-29 21:45:42.194,-2.202,-2.447,-2.302,-1.592,-1.885,-1.891,-2.212,-2.441,-2.302,-1.597,-1.866,-1.895,700.0,686.0,706.0,19.2,19.7,22.0
2018-01-29 21:45:42.313,-2.202,-2.448,-2.302,-1.591,-1.886,-1.892,-2.2,-2.462,-2.315,-1.594,-1.883,-1.902,700.0,686.0,707.0,19.2,19.7,21.9
2018-01-29 21:45:42.438,-2.202,-2.448,-2.302,-1.591,-1.887,-1.892,-2.199,-2.456,-2.306,-1.599,-1.891,-1.889,700.0,685.0,707.0,19.2,19.7,21.9
2018-01-29 21:45:42.609,-2.203,-2.449,-2.303,-1.592,-1.887,-1.892,-2.211,-2.445,-2.302,-1.602,-1.893,-1.895,700.0,685.0,707.0,19.2,19.7,21.8
2018-01-29 21:45:42.734,-2.203,-2.449,-2.303,-1.592,-1.888,-1.892,-2.204,-2.452,-2.298,-1.597,-1.887,-1.889,700.0,685.0,708.0,19.2,19.8,21.8
2018-01-29 21:45:42.859,-2.203,-2.45,-2.303,-1.593,-1.888,-1.891,-2.203,-2.446,-2.307,-1.588,-1.895,-1.896,700.0,684.0,708.0,19.2,19.8,21.8
2018-01-29 21:45:42.984,-2.203,-2.45,-2.303,-1.594,-1.888,-1.891,-2.212,-2.456,-2.306,-1.611,-1.891,-1.889,700.0,684.0,707.0,19.2,19.8,21.8
2018-01-29 21:45:43.124,-2.203,-2.45,-2.303,-1.595,-1.888,-1.891,-2.199,-2.452,-2.302,-1.599,-1.887,-1.895,701.0,684.0,707.0,19.2,19.8,21.9
2018-01-29 21:45:43.280,-2.203,-2.45,-2.303,-1.596,-1.887,-1.891,-2.206,-2.448,-2.302,-1.601,-1.883,-1.895,701.0,685.0,706.0,19.1,19.8,22.0
2018-01-29 21:45:43.405,-2.203,-2.45,-2.303,-1.597,-1.887,-1.891,-2.212,-2.444,-2.298,-1.611,-1.892,-1.889,701.0,685.0,706.0,19.1,19.8,22.0
2018-01-29 21:45:43.530,-2.203,-2.449,-2.303,-1.598,-1.887,-1.891,-2.205,-2.449,-2.311,-1.606,-1.883,-1.896,701.0,686.0,705.0,19.2,19.7,22.1
2018-01-29 21:45:43.654,-2.203,-2.449,-2.303,-1.598,-1.888,-1.892,-2.218,-2.456,-2.302,-1.606,-1.891,-1.901,701.0,687.0,705.0,19.2,19.7,22.2
2018-01-29 21:45:43.810,-2.204,-2.449,-2.303,-1.599,-1.888,-1.892,-2.206,-2.452,-2.306,-1.601,-1.887,-1.889,701.0,687.0,705.0,19.1,19.6,22.2
2018-01-29 21:45:43.951,-2.204,-2.449,-2.304,-1.599,-1.888,-1.893,-2.211,-2.456,-2.31,-1.602,-1.891,-1.895,701.0,688.0,705.0,19.1,19.5,22.2
2018-01-29 21:45:44.076,-2.204,-2.45,-2.304,-1.6,-1.888,-1.893,-2.212,-2.452,-2.298,-1.597,-1.887,-1.889,701.0,688.0,705.0,19.1,19.4,22.2
2018-01-29 21:45:44.200,-2.204,-2.45,-2.305,-1.6,-1.889,-1.894,-2.199,-2.452,-2.307,-1.599,-1.887,-1.908,702.0,689.0,705.0,19.1,19.4,22.2
2018-01-29 21:45:44.325,-2.205,-2.451,-2.305,-1.6,-1.889,-1.894,-2.206,-2.452,-2.316,-1.604,-1.887,-1.786,702.0,689.0,706.0,19.1,19.3,22.2
2018-01-29 21:45:44.498,-2.205,-2.451,-2.305,-1.6,-1.889,-1.895,-2.218,-2.453,-2.306,-1.604,-1.888,-1.889,701.0,689.0,706.0,19.1,19.3,22.1
2018-01-29 21:45:44.638,-2.206,-2.452,-2.306,-1.601,-1.889,-1.894,-2.211,-2.453,-2.307,-1.602,-1.888,-1.908,701.0,689.0,706.0,19.2,19.3,22.1
2018-01-29 21:45:44.763,-2.207,-2.452,-2.306,-1.601,-1.889,-1.894,-2.212,-2.456,-2.311,-1.611,-1.891,-1.896,701.0,689.0,706.0,19.2,19.3,22.0
2018-01-29 21:45:44.888,-2.208,-2.452,-2.306,-1.601,-1.889,-1.894,-2.218,-2.456,-2.304,-1.606,-1.891,-1.904,701.0,689.0,706.0,19.1,19.2,22.0
2018-01-29 21:45:45.028,-2.209,-2.453,-2.307,-1.602,-1.889,-1.894,-2.218,-2.448,-2.31,-1.606,-1.883,-1.895,701.0,689.0,706.0,19.1,19.2,22.0
2018-01-29 21:45:45.174,-2.209,-2.453,-2.307,-1.602,-1.889,-1.895,-2.212,-2.446,-2.307,-1.611,-1.882,-1.908,701.0,689.0,706.0,19.1,19.2,22.0
2018-01-29 21:45:45.330,-2.21,-2.453,-2.307,-1.602,-1.889,-1.895,-2.212,-2.456,-2.307,-1.597,-1.891,-1.897,701.0,689.0,706.0,19.0,19.2,22.0
2018-01-29 21:45:45.470,-2.212,-2.453,-2.307,-1.603,-1.89,-1.897,-2.212,-2.453,-2.306,-1.611,-1.888,-1.901,702.0,689.0,706.0,19.0,19.2,21.9
2018-01-29 21:45:45.595,-2.212,-2.453,-2.307,-1.603,-1.89,-1.898,-2.218,-2.457,-2.308,-1.606,-1.892,-1.896,702.0,689.0,706.0,19.0,19.1,21.9
2018-01-29 21:45:45.720,-2.213,-2.453,-2.307,-1.604,-1.89,-1.899,-2.217,-2.456,-2.319,-1.609,-1.891,-1.908,702.0,689.0,706.0,19.0,19.2,21.9
2018-01-29 21:45:45.846,-2.214,-2.453,-2.307,-1.604,-1.89,-1.9,-2.216,-2.453,-2.307,-1.6,-1.888,-1.908,702.0,689.0,706.0,19.0,19.2,21.9
2018-01-29 21:45:46.002,-2.215,-2.453,-2.308,-1.605,-1.89,-1.9,-2.218,-2.456,-2.311,-1.606,-1.891,-1.914,702.0,689.0,706.0,19.0,19.2,22.0
2018-01-29 21:45:46.143,-2.215,-2.453,-2.308,-1.605,-1.89,-1.899,-2.218,-2.455,-2.311,-1.604,-1.892,-1.914,702.0,689.0,706.0,18.9,19.2,22.1
2018-01-29 21:45:46.268,-2.216,-2.454,-2.308,-1.605,-1.89,-1.899,-2.218,-2.459,-2.311,-1.604,-1.893,-1.909,703.0,689.0,705.0,18.9,19.3,22.2
2018-01-29 21:45:46.392,-2.216,-2.454,-2.308,-1.605,-1.89,-1.898,-2.212,-2.463,-2.306,-1.611,-1.897,-1.901,703.0,688.0,705.0,18.9,19.3,22.3
2018-01-29 21:45:46.517,-2.216,-2.455,-2.308,-1.605,-1.89,-1.898,-2.21,-2.452,-2.307,-1.6,-1.887,-1.903,703.0,688.0,705.0,18.9,19.3,22.4
2018-01-29 21:45:46.673,-2.216,-2.455,-2.308,-1.605,-1.891,-1.898,-2.218,-2.467,-2.3,-1.606,-1.901,-1.898,703.0,688.0,705.0,18.9,19.4,22.4
2018-01-29 21:45:46.814,-2.216,-2.456,-2.308,-1.606,-1.891,-1.897,-2.212,-2.462,-2.315,-1.608,-1.909,-1.908,702.0,687.0,705.0,19.0,19.4,22.3
2018-01-29 21:45:46.938,-2.215,-2.457,-2.309,-1.606,-1.892,-1.898,-2.216,-2.471,-2.315,-1.6,-1.905,-1.902,702.0,687.0,705.0,19.0,19.5,22.3
2018-01-29 21:45:47.063,-2.215,-2.457,-2.309,-1.606,-1.893,-1.899,-2.211,-2.456,-2.306,-1.602,-1.891,-1.901,701.0,687.0,705.0,19.1,19.5,22.3
2018-01-29 21:45:47.219,-2.216,-2.458,-2.31,-1.607,-1.893,-1.9,-2.224,-2.46,-2.311,-1.614,-1.895,-1.902,701.0,686.0,705.0,19.2,19.6,22.2
2018-01-29 21:45:47.375,-2.216,-2.458,-2.31,-1.607,-1.894,-1.901,-2.225,-2.471,-2.315,-1.608,-1.905,-1.902,700.0,685.0,705.0,19.3,19.7,22.2
2018-01-29 21:45:47.500,-2.216,-2.459,-2.312,-1.609,-1.895,-1.902,-2.223,-2.456,-2.315,-1.604,-1.891,-1.902,699.0,684.0,705.0,19.4,19.7,22.2
2018-01-29 21:45:47.625,-2.217,-2.459,-2.312,-1.609,-1.896,-1.902,-2.217,-2.449,-2.311,-1.609,-1.879,-1.896,699.0,683.0,705.0,19.4,19.8,22.2
2018-01-29 21:45:47.750,-2.217,-2.46,-2.313,-1.611,-1.896,-1.903,-2.242,-2.464,-2.311,-1.575,-1.899,-1.909,698.0,683.0,704.0,19.4,19.9,22.2
2018-01-29 21:45:47.906,-2.217,-2.461,-2.313,-1.611,-1.896,-1.903,-2.219,-2.456,-2.319,-1.615,-1.891,-1.908,698.0,682.0,704.0,19.4,19.9,22.2
2018-01-29 21:45:48.046,-2.218,-2.462,-2.315,-1.612,-1.897,-1.904,-2.212,-2.467,-2.319,-1.611,-1.901,-1.908,698.0,682.0,704.0,19.4,20.0,22.2
2018-01-29 21:45:48.171,-2.219,-2.463,-2.315,-1.612,-1.897,-1.904,-2.224,-2.467,-2.319,-1.614,-1.901,-1.908,698.0,682.0,704.0,19.4,19.9,22.2
2018-01-29 21:45:48.296,-2.219,-2.464,-2.316,-1.612,-1.897,-1.904,-2.218,-2.455,-2.32,-1.606,-1.886,-1.916,698.0,682.0,704.0,19.4,19.9,22.1
2018-01-29 21:45:48.420,-2.22,-2.464,-2.316,-1.612,-1.897,-1.904,-2.218,-2.471,-2.311,-1.615,-1.905,-1.902,698.0,682.0,705.0,19.3,19.9,22.1
2018-01-29 21:45:48.592,-2.221,-2.465,-2.317,-1.611,-1.897,-1.904,-2.226,-2.475,-2.314,-1.617,-1.909,-1.906,698.0,683.0,705.0,19.3,19.9,22.1
2018-01-29 21:45:48.717,-2.222,-2.466,-2.317,-1.612,-1.897,-1.904,-2.219,-2.471,-2.324,-1.596,-1.905,-1.921,699.0,684.0,706.0,19.2,19.8,22.1
2018-01-29 21:45:48.842,-2.223,-2.467,-2.317,-1.612,-1.897,-1.904,-2.217,-2.467,-2.315,-1.612,-1.901,-1.915,699.0,684.0,706.0,19.2,19.8,22.0
2018-01-29 21:45:48.966,-2.224,-2.467,-2.317,-1.613,-1.897,-1.904,-2.224,-2.46,-2.324,-1.614,-1.895,-1.909,699.0,684.0,707.0,19.2,19.8,22.0
2018-01-29 21:45:49.107,-2.224,-2.468,-2.318,-1.614,-1.898,-1.905,-2.226,-2.46,-2.328,-1.617,-1.895,-1.902,700.0,684.0,707.0,19.2,19.8,22.0
2018-01-29 21:45:49.263,-2.224,-2.468,-2.318,-1.616,-1.898,-1.905,-2.225,-2.471,-2.315,-1.62,-1.905,-1.902,700.0,684.0,707.0,19.2,19.8,22.0
2018-01-29 21:45:49.388,-2.225,-2.468,-2.319,-1.617,-1.899,-1.906,-2.224,-2.471,-2.324,-1.614,-1.905,-1.921,700.0,684.0,707.0,19.2,19.8,22.0
2018-01-29 21:45:49.512,-2.225,-2.468,-2.319,-1.617,-1.899,-1.906,-2.23,-2.477,-2.326,-1.618,-1.91,-1.911,700.0,684.0,707.0,19.2,19.8,22.0
2018-01-29 21:45:49.637,-2.225,-2.468,-2.319,-1.617,-1.9,-1.906,-2.218,-2.475,-2.316,-1.621,-1.896,-1.91,700.0,684.0,706.0,19.2,19.8,22.1
2018-01-29 21:45:49.793,-2.225,-2.469,-2.32,-1.618,-1.9,-1.907,-2.225,-2.471,-2.323,-1.623,-1.905,-1.914,700.0,685.0,706.0,19.1,19.8,22.1
2018-01-29 21:45:49.934,-2.225,-2.469,-2.321,-1.618,-1.9,-1.907,-2.23,-2.46,-2.324,-1.621,-1.882,-1.921,701.0,685.0,706.0,19.1,19.7,22.1
2018-01-29 21:45:50.074,-2.225,-2.47,-2.321,-1.618,-1.9,-1.908,-2.218,-2.479,-2.324,-1.618,-1.888,-1.909,701.0,686.0,705.0,19.1,19.7,22.1
2018-01-29 21:45:50.199,-2.225,-2.47,-2.322,-1.618,-1.9,-1.909,-2.225,-2.471,-2.324,-1.623,-1.905,-1.921,701.0,686.0,705.0,19.1,19.6,22.1
2018-01-29 21:45:50.324,-2.225,-2.47,-2.322,-1.618,-1.9,-1.91,-2.235,-2.475,-2.332,-1.616,-1.909,-1.921,701.0,687.0,705.0,19.0,19.6,22.1
2018-01-29 21:45:50.495,-2.225,-2.471,-2.322,-1.618,-1.9,-1.911,-2.226,-2.467,-2.319,-1.615,-1.901,-1.914,702.0,687.0,705.0,19.0,19.5,22.1
2018-01-29 21:45:50.620,-2.226,-2.471,-2.323,-1.617,-1.901,-1.912,-2.23,-2.48,-2.319,-1.618,-1.901,-1.914,702.0,687.0,705.0,19.0,19.5,22.1
2018-01-29 21:45:50.745,-2.226,-2.471,-2.323,-1.616,-1.901,-1.912,-2.219,-2.471,-2.319,-1.615,-1.905,-1.914,702.0,687.0,705.0,19.0,19.4,22.1
2018-01-29 21:45:50.870,-2.227,-2.471,-2.323,-1.616,-1.901,-1.913,-2.235,-2.475,-2.328,-1.616,-1.909,-1.915,702.0,687.0,706.0,19.1,19.4,22.0
2018-01-29 21:45:51.010,-2.227,-2.472,-2.323,-1.615,-1.901,-1.913,-2.225,-2.482,-2.327,-1.623,-1.904,-1.908,701.0,686.0,706.0,19.1,19.4,22.0
2018-01-29 21:45:51.182,-2.228,-2.472,-2.323,-1.615,-1.902,-1.913,-2.219,-2.474,-2.333,-1.615,-1.904,-1.916,701.0,686.0,707.0,19.1,19.4,21.9
2018-01-29 21:45:51.306,-2.228,-2.473,-2.324,-1.615,-1.903,-1.914,-2.221,-2.471,-2.319,-1.617,-1.905,-1.914,701.0,685.0,707.0,19.1,19.4,21.9
2018-01-29 21:45:51.431,-2.228,-2.473,-2.324,-1.616,-1.903,-1.914,-2.229,-2.471,-2.336,-1.623,-1.905,-1.914,701.0,685.0,708.0,19.1,19.5,21.9
2018-01-29 21:45:51.556,-2.228,-2.473,-2.324,-1.616,-1.903,-1.914,-2.225,-2.475,-2.332,-1.623,-1.909,-1.908,701.0,685.0,708.0,19.1,19.5,21.9
2018-01-29 21:45:51.712,-2.228,-2.474,-2.324,-1.617,-1.903,-1.914,-2.23,-2.486,-2.332,-1.633,-1.908,-1.921,701.0,685.0,708.0,19.1,19.5,21.9
2018-01-29 21:45:51.837,-2.228,-2.474,-2.325,-1.619,-1.903,-1.915,-2.23,-2.475,-2.327,-1.618,-1.909,-1.925,701.0,686.0,707.0,19.2,19.5,22.0
2018-01-29 21:45:51.962,-2.228,-2.474,-2.325,-1.619,-1.903,-1.915,-2.225,-2.479,-2.336,-1.623,-1.913,-1.927,700.0,686.0,707.0,19.2,19.5,22.0
2018-01-29 21:45:52.086,-2.228,-2.474,-2.326,-1.62,-1.903,-1.915,-2.237,-2.475,-2.328,-1.62,-1.909,-1.915,700.0,687.0,706.0,19.2,19.4,22.0
2018-01-29 21:45:52.211,-2.228,-2.475,-2.326,-1.621,-1.903,-1.916,-2.242,-2.475,-2.332,-1.558,-1.909,-1.921,700.0,687.0,706.0,19.2,19.4,22.0
2018-01-29 21:45:52.383,-2.228,-2.475,-2.326,-1.622,-1.903,-1.916,-2.23,-2.477,-2.332,-1.618,-1.897,-1.921,699.0,688.0,706.0,19.3,19.4,22.0
2018-01-29 21:45:52.508,-2.229,-2.475,-2.326,-1.622,-1.903,-1.917,-2.237,-2.479,-2.336,-1.634,-1.913,-1.927,699.0,688.0,706.0,19.3,19.3,21.9
2018-01-29 21:45:52.632,-2.229,-2.475,-2.327,-1.622,-1.903,-1.917,-2.23,-2.485,-2.325,-1.633,-1.931,-1.892,699.0,688.0,706.0,19.3,19.3,22.0
2018-01-29 21:45:52.757,-2.229,-2.476,-2.327,-1.622,-1.904,-1.918,-2.236,-2.475,-2.328,-1.625,-1.909,-1.915,699.0,688.0,705.0,19.3,19.4,22.0
2018-01-29 21:45:52.898,-2.229,-2.476,-2.328,-1.623,-1.904,-1.918,-2.237,-2.482,-2.327,-1.634,-1.904,-1.933,700.0,688.0,705.0,19.2,19.4,22.0
2018-01-29 21:45:53.054,-2.23,-2.477,-2.328,-1.623,-1.905,-1.919,-2.225,-2.48,-2.328,-1.623,-1.914,-1.927,700.0,688.0,705.0,19.2,19.4,22.0
2018-01-29 21:45:53.178,-2.23,-2.478,-2.329,-1.624,-1.906,-1.919,-2.236,-2.475,-2.333,-1.625,-1.909,-1.928,700.0,688.0,705.0,19.2,19.4,22.0
2018-01-29 21:45:53.329,-2.231,-2.478,-2.329,-1.625,-1.906,-1.92,-2.236,-2.475,-2.331,-1.628,-1.909,-1.919,701.0,688.0,705.0,19.2,19.4,22.1
2018-01-29 21:45:53.485,-2.231,-2.479,-2.33,-1.625,-1.908,-1.92,-2.231,-2.479,-2.332,-1.627,-1.913,-1.926,701.0,687.0,705.0,19.1,19.5,22.1
2018-01-29 21:45:53.610,-2.232,-2.478,-2.331,-1.626,-1.909,-1.92,-2.243,-2.486,-2.337,-1.63,-1.919,-1.934,701.0,686.0,705.0,19.1,19.6,22.1
2018-01-29 21:45:53.734,-2.232,-2.479,-2.331,-1.626,-1.91,-1.921,-2.248,-2.471,-2.34,-1.628,-1.905,-1.92,701.0,686.0,705.0,19.1,19.6,22.2
2018-01-29 21:45:53.859,-2.233,-2.479,-2.332,-1.627,-1.91,-1.921,-2.236,-2.491,-2.329,-1.625,-1.923,-1.903,701.0,685.0,705.0,19.1,19.7,22.2
2018-01-29 21:45:54.031,-2.233,-2.479,-2.332,-1.627,-1.911,-1.921,-2.237,-2.485,-2.336,-1.634,-1.918,-1.914,701.0,684.0,705.0,19.1,19.7,22.3
2018-01-29 21:45:54.156,-2.234,-2.48,-2.333,-1.627,-1.912,-1.922,-2.237,-2.486,-2.325,-1.632,-1.919,-1.903,700.0,683.0,704.0,19.2,19.8,22.4
2018-01-29 21:45:54.280,-2.234,-2.48,-2.333,-1.627,-1.913,-1.922,-2.237,-2.483,-2.337,-1.617,-1.917,-1.934,700.0,683.0,704.0,19.2,19.8,22.5
2018-01-29 21:45:54.405,-2.234,-2.48,-2.334,-1.628,-1.913,-1.922,-2.243,-2.479,-2.336,-1.63,-1.913,-1.932,700.0,683.0,704.0,19.3,19.8,22.5
2018-01-29 21:45:54.546,-2.234,-2.481,-2.334,-1.628,-1.914,-1.922,-2.237,-2.479,-2.342,-1.634,-1.913,-1.91,700.0,682.0,704.0,19.3,19.8,22.5
2018-01-29 21:45:54.702,-2.235,-2.482,-2.334,-1.628,-1.914,-1.922,-2.237,-2.487,-2.34,-1.62,-1.921,-1.92,700.0,683.0,705.0,19.3,19.8,22.5
2018-01-29 21:45:54.826,-2.236,-2.482,-2.334,-1.628,-1.915,-1.922,-2.23,-2.486,-2.333,-1.633,-1.919,-1.928,700.0,683.0,705.0,19.3,19.7,22.4
2018-01-29 21:45:54.951,-2.236,-2.482,-2.334,-1.628,-1.916,-1.923,-2.241,-2.491,-2.34,-1.635,-1.923,-1.933,700.0,684.0,706.0,19.3,19.7,22.4
2018-01-29 21:45:55.076,-2.236,-2.483,-2.334,-1.629,-1.917,-1.923,-2.237,-2.479,-2.332,-1.634,-1.913,-1.921,700.0,684.0,706.0,19.3,19.7,22.3
2018-01-29 21:45:55.232,-2.237,-2.483,-2.334,-1.629,-1.918,-1.923,-2.243,-2.494,-2.34,-1.63,-1.914,-1.92,700.0,685.0,707.0,19.3,19.7,22.3
2018-01-29 21:45:55.372,-2.237,-2.484,-2.334,-1.629,-1.919,-1.923,-2.243,-2.493,-2.337,-1.63,-1.926,-1.934,701.0,685.0,708.0,19.2,19.7,22.1
2018-01-29 21:45:55.513,-2.237,-2.484,-2.335,-1.629,-1.919,-1.924,-2.243,-2.481,-2.341,-1.639,-1.927,-1.94,701.0,685.0,708.0,19.2,19.6,22.1
2018-01-29 21:45:55.638,-2.238,-2.485,-2.335,-1.63,-1.919,-1.924,-2.248,-2.491,-2.341,-1.637,-1.923,-1.922,701.0,686.0,708.0,19.1,19.6,22.0
2018-01-29 21:45:55.762,-2.238,-2.485,-2.335,-1.63,-1.92,-1.925,-2.237,-2.489,-2.344,-1.634,-1.922,-1.926,701.0,686.0,708.0,19.1,19.5,22.0
2018-01-29 21:45:55.934,-2.239,-2.486,-2.336,-1.631,-1.92,-1.926,-2.239,-2.491,-2.349,-1.636,-1.923,-1.921,701.0,687.0,708.0,19.2,19.5,21.9
2018-01-29 21:45:56.059,-2.24,-2.486,-2.336,-1.631,-1.92,-1.927,-2.243,-2.483,-2.332,-1.63,-1.928,-1.921,700.0,687.0,707.0,19.2,19.4,21.9
2018-01-29 21:45:56.184,-2.24,-2.487,-2.337,-1.632,-1.921,-1.928,-2.243,-2.483,-2.345,-1.63,-1.928,-1.933,699.0,687.0,707.0,19.3,19.4,21.9
2018-01-29 21:45:56.308,-2.241,-2.487,-2.337,-1.632,-1.921,-1.928,-2.241,-2.491,-2.349,-1.628,-1.937,-1.939,699.0,687.0,706.0,19.3,19.4,22.0
2018-01-29 21:45:56.449,-2.241,-2.488,-2.338,-1.633,-1.922,-1.929,-2.243,-2.493,-2.345,-1.63,-1.926,-1.933,698.0,686.0,706.0,19.4,19.5,22.0
2018-01-29 21:45:56.620,-2.242,-2.488,-2.339,-1.633,-1.922,-1.929,-2.237,-2.493,-2.345,-1.634,-1.926,-1.933,697.0,685.0,705.0,19.5,19.5,22.1
2018-01-29 21:45:56.745,-2.242,-2.489,-2.339,-1.634,-1.923,-1.929,-2.248,-2.487,-2.349,-1.64,-1.932,-1.927,697.0,685.0,704.0,19.6,19.5,22.1
2018-01-29 21:45:56.870,-2.243,-2.489,-2.34,-1.634,-1.923,-1.929,-2.237,-2.495,-2.349,-1.634,-1.927,-1.939,696.0,684.0,704.0,19.6,19.6,22.2
2018-01-29 21:45:56.995,-2.243,-2.49,-2.34,-1.634,-1.923,-1.929,-2.243,-2.495,-2.353,-1.639,-1.927,-1.933,697.0,684.0,704.0,19.5,19.6,22.2
2018-01-29 21:45:57.151,-2.243,-2.49,-2.34,-1.634,-1.923,-1.929,-2.248,-2.495,-2.345,-1.628,-1.927,-1.946,697.0,684.0,704.0,19.5,19.6,22.2
2018-01-29 21:45:57.276,-2.244,-2.491,-2.341,-1.634,-1.922,-1.929,-2.241,-2.486,-2.341,-1.635,-1.919,-1.933,698.0,684.0,704.0,19.4,19.7,22.3
2018-01-29 21:45:57.400,-2.244,-2.492,-2.341,-1.634,-1.922,-1.93,-2.241,-2.487,-2.345,-1.635,-1.932,-1.946,698.0,684.0,704.0,19.4,19.7,22.3
2018-01-29 21:45:57.525,-2.244,-2.492,-2.342,-1.634,-1.922,-1.93,-2.248,-2.495,-2.336,-1.64,-1.927,-1.932,699.0,685.0,704.0,19.3,19.7,22.3
2018-01-29 21:45:57.650,-2.244,-2.493,-2.342,-1.634,-1.921,-1.93,-2.243,-2.495,-2.344,-1.63,-1.927,-1.926,700.0,685.0,704.0,19.2,19.7,22.3
2018-01-29 21:45:57.822,-2.245,-2.493,-2.342,-1.635,-1.921,-1.93,-2.248,-2.497,-2.349,-1.637,-1.93,-1.939,700.0,685.0,705.0,19.2,19.7,22.3
2018-01-29 21:45:57.946,-2.245,-2.493,-2.343,-1.635,-1.921,-1.93,-2.255,-2.501,-2.353,-1.642,-1.916,-1.933,701.0,686.0,705.0,19.2,19.6,22.3
2018-01-29 21:45:58.071,-2.245,-2.493,-2.343,-1.635,-1.921,-1.931,-2.241,-2.487,-2.353,-1.641,-1.932,-1.945,701.0,686.0,705.0,19.1,19.6,22.3
2018-01-29 21:45:58.196,-2.245,-2.493,-2.343,-1.636,-1.922,-1.931,-2.248,-2.495,-2.354,-1.64,-1.927,-1.935,701.0,686.0,705.0,19.1,19.6,22.3
2018-01-29 21:45:58.336,-2.245,-2.493,-2.343,-1.636,-1.922,-1.931,-2.248,-2.495,-2.345,-1.64,-1.927,-1.928,702.0,686.0,705.0,19.0,19.6,22.3
2018-01-29 21:45:58.477,-2.245,-2.493,-2.344,-1.637,-1.923,-1.932,-2.254,-2.494,-2.346,-1.633,-1.925,-1.933,702.0,686.0,706.0,19.0,19.7,22.2
2018-01-29 21:45:58.602,-2.246,-2.493,-2.344,-1.638,-1.924,-1.932,-2.247,-2.487,-2.35,-1.643,-1.932,-1.941,702.0,686.0,706.0,19.0,19.7,22.2
2018-01-29 21:45:58.726,-2.246,-2.493,-2.345,-1.639,-1.924,-1.933,-2.243,-2.493,-2.35,-1.639,-1.934,-1.941,702.0,686.0,707.0,19.0,19.7,22.2
2018-01-29 21:45:58.851,-2.246,-2.493,-2.345,-1.639,-1.925,-1.934,-2.222,-2.503,-2.344,-1.616,-1.922,-1.926,702.0,686.0,707.0,19.0,19.7,22.1
2018-01-29 21:45:59.007,-2.246,-2.493,-2.345,-1.64,-1.926,-1.934,-2.25,-2.495,-2.345,-1.644,-1.927,-1.946,701.0,685.0,707.0,19.1,19.7,22.1
2018-01-29 21:45:59.163,-2.247,-2.493,-2.346,-1.641,-1.926,-1.936,-2.248,-2.499,-2.345,-1.637,-1.931,-1.946,701.0,685.0,708.0,19.1,19.7,22.0
2018-01-29 21:45:59.283,-2.247,-2.493,-2.346,-1.641,-1.926,-1.937,-2.255,-2.503,-2.353,-1.642,-1.933,-1.952,700.0,685.0,708.0,19.2,19.7,21.9
2018-01-29 21:45:59.424,-2.247,-2.493,-2.346,-1.641,-1.927,-1.938,-2.248,-2.499,-2.353,-1.649,-1.931,-1.945,700.0,684.0,708.0,19.2,19.8,21.9
2018-01-29 21:45:59.595,-2.248,-2.494,-2.346,-1.642,-1.927,-1.939,-2.255,-2.495,-2.353,-1.642,-1.927,-1.952,699.0,684.0,708.0,19.2,19.8,21.9
2018-01-29 21:45:59.720,-2.248,-2.495,-2.346,-1.642,-1.928,-1.939,-2.255,-2.507,-2.353,-1.651,-1.938,-1.927,699.0,683.0,708.0,19.2,19.8,21.9
2018-01-29 21:45:59.845,-2.249,-2.495,-2.346,-1.643,-1.928,-1.94,-2.261,-2.495,-2.353,-1.646,-1.927,-1.945,699.0,683.0,707.0,19.2,19.8,21.9
2018-01-29 21:45:59.970,-2.249,-2.496,-2.346,-1.643,-1.929,-1.94,-2.255,-2.503,-2.353,-1.642,-1.936,-1.952,700.0,683.0,706.0,19.2,19.7,21.9
2018-01-29 21:46:00.141,-2.25,-2.497,-2.347,-1.643,-1.93,-1.94,-2.255,-2.507,-2.349,-1.651,-1.938,-1.939,700.0,683.0,705.0,19.2,19.7,21.9
2018-01-29 21:46:00.266,-2.251,-2.498,-2.347,-1.644,-1.931,-1.94,-2.248,-2.495,-2.345,-1.649,-1.927,-1.946,700.0,683.0,704.0,19.2,19.7,22.1
2018-01-29 21:46:00.391,-2.252,-2.498,-2.348,-1.644,-1.931,-1.94,-2.248,-2.507,-2.349,-1.649,-1.952,-1.959,700.0,683.0,703.0,19.2,19.7,22.1
2018-01-29 21:46:00.516,-2.252,-2.499,-2.348,-1.645,-1.932,-1.94,-2.255,-2.501,-2.358,-1.642,-1.932,-1.941,700.0,682.0,703.0,19.2,19.7,22.2
2018-01-29 21:46:00.656,-2.253,-2.5,-2.349,-1.645,-1.933,-1.94,-2.254,-2.501,-2.351,-1.656,-1.946,-1.936,700.0,682.0,703.0,19.2,19.7,22.2
2018-01-29 21:46:00.812,-2.253,-2.5,-2.349,-1.646,-1.934,-1.94,-2.254,-2.501,-2.345,-1.647,-1.946,-1.946,700.0,683.0,703.0,19.2,19.7,22.3
2018-01-29 21:46:00.937,-2.253,-2.501,-2.349,-1.646,-1.934,-1.941,-2.254,-2.491,-2.358,-1.656,-1.923,-1.941,700.0,683.0,703.0,19.2,19.7,22.2
2018-01-29 21:46:01.062,-2.253,-2.501,-2.35,-1.646,-1.935,-1.941,-2.254,-2.503,-2.349,-1.656,-1.933,-1.959,700.0,683.0,704.0,19.2,19.7,22.2
2018-01-29 21:46:01.202,-2.252,-2.501,-2.35,-1.646,-1.936,-1.942,-2.255,-2.504,-2.354,-1.642,-1.91,-1.947,700.0,683.0,705.0,19.2,19.8,22.1
2018-01-29 21:46:01.358,-2.252,-2.501,-2.35,-1.646,-1.936,-1.942,-2.254,-2.503,-2.358,-1.647,-1.933,-1.941,701.0,683.0,705.0,19.2,19.8,22.1
2018-01-29 21:46:01.499,-2.252,-2.501,-2.35,-1.646,-1.936,-1.943,-2.26,-2.511,-2.356,-1.652,-1.942,-1.924,701.0,683.0,706.0,19.2,19.7,22.0
2018-01-29 21:46:01.623,-2.252,-2.501,-2.351,-1.647,-1.936,-1.943,-2.254,-2.501,-2.352,-1.656,-1.946,-1.931,701.0,683.0,707.0,19.2,19.7,21.9
2018-01-29 21:46:01.748,-2.252,-2.502,-2.351,-1.647,-1.936,-1.943,-2.254,-2.505,-2.358,-1.647,-1.937,-1.941,701.0,683.0,707.0,19.2,19.7,21.9
2018-01-29 21:46:01.873,-2.253,-2.502,-2.351,-1.648,-1.936,-1.943,-2.26,-2.509,-2.357,-1.652,-1.941,-1.958,701.0,684.0,708.0,19.2,19.7,21.8
2018-01-29 21:46:02.045,-2.253,-2.502,-2.352,-1.649,-1.936,-1.943,-2.261,-2.507,-2.35,-1.661,-1.938,-1.941,701.0,684.0,708.0,19.2,19.6,21.8
2018-01-29 21:46:02.169,-2.254,-2.503,-2.352,-1.65,-1.936,-1.943,-2.254,-2.509,-2.362,-1.656,-1.941,-1.959,700.0,684.0,708.0,19.2,19.6,21.8
2018-01-29 21:46:02.294,-2.255,-2.503,-2.352,-1.651,-1.936,-1.944,-2.254,-2.507,-2.353,-1.647,-1.938,-1.945,700.0,684.0,707.0,19.2,19.6,21.9
2018-01-29 21:46:02.419,-2.255,-2.504,-2.353,-1.652,-1.936,-1.945,-2.257,-2.513,-2.367,-1.643,-1.943,-1.96,699.0,684.0,707.0,19.2,19.6,21.9
2018-01-29 21:46:02.559,-2.256,-2.504,-2.353,-1.652,-1.937,-1.946,-2.261,-2.505,-2.349,-1.649,-1.951,-1.959,699.0,684.0,706.0,19.2,19.6,21.9
2018-01-29 21:46:02.715,-2.256,-2.505,-2.353,-1.652,-1.938,-1.95,-2.263,-2.507,-2.358,-1.647,-1.938,-1.941,699.0,684.0,705.0,19.2,19.6,22.0
2018-01-29 21:46:02.840,-2.257,-2.506,-2.352,-1.652,-1.939,-1.953,-2.267,-2.511,-2.367,-1.654,-1.942,-1.96,699.0,683.0,704.0,19.3,19.7,22.0
2018-01-29 21:46:02.965,-2.257,-2.506,-2.352,-1.652,-1.939,-1.955,-2.272,-2.511,-2.362,-1.663,-1.942,-1.946,698.0,683.0,704.0,19.3,19.7,22.0
2018-01-29 21:46:03.090,-2.258,-2.506,-2.352,-1.652,-1.939,-1.956,-2.26,-2.501,-2.363,-1.652,-1.946,-1.954,698.0,683.0,704.0,19.3,19.8,22.0
2018-01-29 21:46:03.246,-2.258,-2.506,-2.352,-1.652,-1.939,-1.956,-2.261,-2.515,-2.362,-1.661,-1.946,-1.946,698.0,683.0,704.0,19.3,19.8,22.0
2018-01-29 21:46:03.371,-2.259,-2.505,-2.353,-1.653,-1.939,-1.957,-2.267,-2.507,-2.354,-1.654,-1.952,-1.947,697.0,683.0,705.0,19.3,19.8,21.9
2018-01-29 21:46:03.495,-2.26,-2.505,-2.354,-1.653,-1.939,-1.957,-2.267,-2.511,-2.362,-1.654,-1.942,-1.946,697.0,683.0,706.0,19.4,19.8,21.8
2018-01-29 21:46:03.620,-2.26,-2.505,-2.354,-1.654,-1.94,-1.956,-2.255,-2.511,-2.367,-1.665,-1.942,-1.96,697.0,684.0,706.0,19.4,19.8,21.8
2018-01-29 21:46:03.745,-2.261,-2.506,-2.355,-1.655,-1.941,-1.955,-2.254,-2.511,-2.358,-1.656,-1.942,-1.966,697.0,684.0,706.0,19.4,19.8,21.8
2018-01-29 21:46:03.917,-2.261,-2.506,-2.355,-1.655,-1.942,-1.954,-2.248,-2.509,-2.357,-1.651,-1.941,-1.958,697.0,684.0,706.0,19.4,19.8,21.9
2018-01-29 21:46:04.041,-2.261,-2.507,-2.357,-1.656,-1.944,-1.954,-2.266,-2.513,-2.366,-1.659,-1.945,-1.952,697.0,684.0,706.0,19.4,19.8,22.0
2018-01-29 21:46:04.166,-2.261,-2.508,-2.358,-1.656,-1.945,-1.953,-2.261,-2.513,-2.357,-1.658,-1.945,-1.958,697.0,683.0,705.0,19.4,19.8,22.0
2018-01-29 21:46:04.291,-2.261,-2.508,-2.358,-1.656,-1.946,-1.953,-2.261,-2.513,-2.367,-1.661,-1.945,-1.96,698.0,683.0,705.0,19.4,19.8,22.0
2018-01-29 21:46:04.431,-2.261,-2.509,-2.359,-1.657,-1.947,-1.953,-2.266,-2.511,-2.363,-1.656,-1.942,-1.954,698.0,683.0,705.0,19.4,19.8,22.1
2018-01-29 21:46:04.587,-2.26,-2.51,-2.36,-1.657,-1.947,-1.953,-2.264,-2.515,-2.367,-1.643,-1.946,-1.972,698.0,682.0,704.0,19.4,19.9,22.1
2018-01-29 21:46:04.712,-2.26,-2.511,-2.361,-1.657,-1.948,-1.954,-2.266,-2.519,-2.367,-1.668,-1.951,-1.972,699.0,682.0,704.0,19.3,19.9,22.1
2018-01-29 21:46:04.837,-2.26,-2.511,-2.362,-1.657,-1.948,-1.955,-2.266,-2.517,-2.367,-1.668,-1.95,-1.96,700.0,682.0,705.0,19.3,19.8,22.1
2018-01-29 21:46:04.962,-2.26,-2.512,-2.362,-1.657,-1.949,-1.955,-2.266,-2.513,-2.362,-1.671,-1.945,-1.96,700.0,683.0,705.0,19.3,19.8,22.1
2018-01-29 21:46:05.118,-2.26,-2.512,-2.362,-1.657,-1.949,-1.956,-2.267,-2.509,-2.371,-1.663,-1.955,-1.966,700.0,683.0,705.0,19.3,19.8,22.0
2018-01-29 21:46:05.274,-2.261,-2.513,-2.362,-1.657,-1.949,-1.958,-2.272,-2.511,-2.362,-1.663,-1.942,-1.964,700.0,684.0,706.0,19.3,19.7,22.0
2018-01-29 21:46:05.399,-2.261,-2.513,-2.363,-1.657,-1.95,-1.958,-2.272,-2.521,-2.367,-1.663,-1.966,-1.96,700.0,685.0,706.0,19.3,19.6,22.0
2018-01-29 21:46:05.523,-2.261,-2.513,-2.363,-1.658,-1.95,-1.959,-2.266,-2.515,-2.366,-1.668,-1.946,-1.958,700.0,685.0,705.0,19.3,19.6,22.0
2018-01-29 21:46:05.648,-2.261,-2.514,-2.364,-1.658,-1.95,-1.959,-2.272,-2.515,-2.357,-1.663,-1.946,-1.958,700.0,686.0,705.0,19.3,19.6,22.0
2018-01-29 21:46:05.820,-2.262,-2.514,-2.364,-1.659,-1.951,-1.96,-2.267,-2.517,-2.371,-1.663,-1.961,-1.966,700.0,686.0,705.0,19.2,19.5,22.0
2018-01-29 21:46:05.945,-2.262,-2.515,-2.365,-1.659,-1.951,-1.96,-2.266,-2.523,-2.367,-1.668,-1.927,-1.96,699.0,686.0,705.0,19.2,19.5,22.0
2018-01-29 21:46:06.069,-2.263,-2.515,-2.365,-1.66,-1.952,-1.961,-2.272,-2.509,-2.366,-1.663,-1.955,-1.977,699.0,686.0,705.0,19.2,19.5,22.0
2018-01-29 21:46:06.194,-2.263,-2.516,-2.366,-1.66,-1.952,-1.962,-2.266,-2.521,-2.375,-1.668,-1.954,-1.959,699.0,686.0,705.0,19.2,19.5,22.0
2018-01-29 21:46:06.329,-2.264,-2.516,-2.366,-1.661,-1.952,-1.962,-2.269,-2.521,-2.362,-1.666,-1.966,-1.964,699.0,687.0,705.0,19.2,19.5,22.1
2018-01-29 21:46:06.454,-2.264,-2.517,-2.367,-1.661,-1.953,-1.963,-2.266,-2.525,-2.365,-1.668,-1.956,-1.938,699.0,687.0,705.0,19.2,19.5,22.1
2018-01-29 21:46:06.579,-2.264,-2.517,-2.367,-1.662,-1.953,-1.963,-2.278,-2.515,-2.371,-1.671,-1.946,-1.966,698.0,687.0,705.0,19.2,19.6,22.1
2018-01-29 21:46:06.719,-2.265,-2.517,-2.368,-1.663,-1.953,-1.964,-2.266,-2.525,-2.357,-1.668,-1.956,-1.958,698.0,687.0,705.0,19.2,19.6,22.1
2018-01-29 21:46:06.875,-2.265,-2.517,-2.368,-1.664,-1.954,-1.964,-2.274,-2.525,-2.362,-1.667,-1.97,-1.964,698.0,686.0,705.0,19.2,19.7,22.1
2018-01-29 21:46:07.000,-2.266,-2.518,-2.368,-1.665,-1.954,-1.965,-2.273,-2.525,-2.366,-1.673,-1.956,-1.977,697.0,685.0,705.0,19.3,19.8,22.2
2018-01-29 21:46:07.125,-2.266,-2.518,-2.368,-1.666,-1.955,-1.965,-2.272,-2.523,-2.371,-1.663,-1.955,-1.966,697.0,685.0,705.0,19.3,19.9,22.2
2018-01-29 21:46:07.249,-2.267,-2.519,-2.369,-1.667,-1.955,-1.966,-2.273,-2.527,-2.367,-1.673,-1.945,-1.96,698.0,684.0,705.0,19.3,20.0,22.2
2018-01-29 21:46:07.390,-2.268,-2.519,-2.369,-1.667,-1.956,-1.966,-2.274,-2.521,-2.375,-1.667,-1.966,-1.959,698.0,683.0,705.0,19.3,20.1,22.2
2018-01-29 21:46:07.546,-2.268,-2.52,-2.369,-1.668,-1.956,-1.967,-2.273,-2.517,-2.379,-1.673,-1.961,-1.965,698.0,683.0,705.0,19.3,20.1,22.1
2018-01-29 21:46:07.686,-2.269,-2.521,-2.37,-1.668,-1.957,-1.967,-2.268,-2.527,-2.379,-1.672,-1.957,-1.965,698.0,682.0,706.0,19.2,20.2,22.1
2018-01-29 21:46:07.811,-2.269,-2.522,-2.371,-1.668,-1.957,-1.968,-2.279,-2.525,-2.375,-1.665,-1.97,-1.971,699.0,681.0,706.0,19.2,20.2,22.1
2018-01-29 21:46:07.936,-2.27,-2.523,-2.371,-1.667,-1.958,-1.968,-2.272,-2.525,-2.371,-1.663,-1.956,-1.966,699.0,681.0,706.0,19.2,20.2,22.1
2018-01-29 21:46:08.107,-2.27,-2.524,-2.372,-1.666,-1.959,-1.969,-2.273,-2.521,-2.37,-1.67,-1.966,-1.963,699.0,681.0,706.0,19.1,20.1,22.1
2018-01-29 21:46:08.232,-2.27,-2.525,-2.373,-1.665,-1.961,-1.969,-2.28,-2.523,-2.371,-1.674,-1.955,-1.978,700.0,681.0,705.0,19.1,20.0,22.1
2018-01-29 21:46:08.357,-2.27,-2.525,-2.374,-1.665,-1.962,-1.969,-2.274,-2.521,-2.363,-1.667,-1.966,-1.966,700.0,682.0,705.0,19.1,20.0,22.1
2018-01-29 21:46:08.482,-2.27,-2.526,-2.374,-1.665,-1.963,-1.969,-2.272,-2.521,-2.371,-1.678,-1.966,-1.966,700.0,682.0,705.0,19.1,19.9,22.1
2018-01-29 21:46:08.622,-2.271,-2.526,-2.374,-1.665,-1.964,-1.969,-2.278,-2.529,-2.37,-1.671,-1.96,-1.982,700.0,682.0,705.0,19.1,19.9,22.1
2018-01-29 21:46:08.778,-2.271,-2.526,-2.375,-1.666,-1.965,-1.969,-2.266,-2.529,-2.375,-1.683,-1.96,-1.959,700.0,682.0,706.0,19.2,19.8,22.1
2018-01-29 21:46:08.903,-2.271,-2.526,-2.374,-1.668,-1.966,-1.97,-2.272,-2.529,-2.375,-1.675,-1.96,-1.971,700.0,683.0,706.0,19.2,19.8,22.1
2018-01-29 21:46:09.028,-2.272,-2.526,-2.374,-1.669,-1.966,-1.97,-2.272,-2.516,-2.388,-1.678,-1.928,-1.983,700.0,683.0,705.0,19.2,19.7,22.2
2018-01-29 21:46:09.153,-2.272,-2.527,-2.374,-1.67,-1.966,-1.97,-2.273,-2.537,-2.379,-1.673,-1.969,-1.965,701.0,683.0,705.0,19.2,19.7,22.2
2018-01-29 21:46:09.309,-2.272,-2.527,-2.375,-1.671,-1.965,-1.97,-2.284,-2.479,-2.382,-1.675,-1.905,-1.975,701.0,683.0,705.0,19.2,19.7,22.2
2018-01-29 21:46:09.449,-2.273,-2.528,-2.375,-1.673,-1.965,-1.97,-2.279,-2.537,-2.37,-1.677,-1.969,-1.958,701.0,684.0,704.0,19.2,19.7,22.4
2018-01-29 21:46:09.574,-2.273,-2.528,-2.376,-1.674,-1.964,-1.971,-2.273,-2.525,-2.376,-1.682,-1.97,-1.961,701.0,684.0,703.0,19.2,19.7,22.4
2018-01-29 21:46:09.699,-2.273,-2.528,-2.376,-1.674,-1.964,-1.971,-2.284,-2.533,-2.384,-1.675,-1.965,-1.978,701.0,684.0,704.0,19.2,19.8,22.3
2018-01-29 21:46:09.823,-2.274,-2.528,-2.377,-1.674,-1.963,-1.971,-2.279,-2.537,-2.381,-1.677,-1.969,-1.966,701.0,684.0,704.0,19.2,19.8,22.3
2018-01-29 21:46:09.995,-2.274,-2.529,-2.378,-1.675,-1.963,-1.972,-2.278,-2.537,-2.379,-1.683,-1.969,-1.965,701.0,684.0,705.0,19.1,19.8,22.2
2018-01-29 21:46:10.120,-2.275,-2.53,-2.378,-1.675,-1.963,-1.973,-2.284,-2.531,-2.374,-1.675,-1.961,-1.976,701.0,684.0,706.0,19.1,19.8,22.1
2018-01-29 21:46:10.245,-2.275,-2.53,-2.379,-1.675,-1.963,-1.973,-2.29,-2.537,-2.384,-1.68,-1.943,-1.978,701.0,684.0,706.0,19.1,19.8,22.1
2018-01-29 21:46:10.369,-2.276,-2.531,-2.38,-1.675,-1.963,-1.973,-2.279,-2.533,-2.376,-1.677,-1.965,-1.978,701.0,684.0,706.0,19.1,19.8,22.1
2018-01-29 21:46:10.510,-2.277,-2.531,-2.38,-1.676,-1.963,-1.973,-2.283,-2.535,-2.389,-1.681,-1.982,-1.985,701.0,684.0,706.0,19.1,19.8,22.1
2018-01-29 21:46:10.650,-2.277,-2.532,-2.381,-1.676,-1.964,-1.974,-2.284,-2.539,-2.375,-1.675,-1.968,-1.971,701.0,685.0,705.0,19.1,19.7,22.2
2018-01-29 21:46:10.775,-2.277,-2.532,-2.382,-1.676,-1.964,-1.974,-2.277,-2.539,-2.375,-1.685,-1.97,-1.971,701.0,685.0,705.0,19.1,19.7,22.3
2018-01-29 21:46:10.900,-2.278,-2.532,-2.382,-1.677,-1.964,-1.974,-2.284,-2.525,-2.38,-1.675,-1.97,-1.984,701.0,685.0,704.0,19.1,19.7,22.3
2018-01-29 21:46:11.025,-2.278,-2.532,-2.382,-1.677,-1.965,-1.974,-2.281,-2.535,-2.387,-1.681,-1.966,-1.976,700.0,685.0,703.0,19.1,19.7,22.4
2018-01-29 21:46:11.181,-2.278,-2.533,-2.382,-1.678,-1.966,-1.975,-2.278,-2.541,-2.382,-1.692,-1.961,-1.987,700.0,684.0,703.0,19.1,19.7,22.4
2018-01-29 21:46:11.337,-2.278,-2.533,-2.382,-1.678,-1.966,-1.975,-2.278,-2.525,-2.38,-1.68,-1.97,-1.972,701.0,684.0,703.0,19.1,19.7,22.5
2018-01-29 21:46:11.461,-2.278,-2.533,-2.382,-1.679,-1.967,-1.976,-2.285,-2.537,-2.388,-1.684,-1.969,-1.983,701.0,684.0,703.0,19.1,19.8,22.4
2018-01-29 21:46:11.586,-2.278,-2.534,-2.382,-1.679,-1.968,-1.976,-2.277,-2.523,-2.384,-1.688,-1.951,-1.978,701.0,683.0,703.0,19.1,19.8,22.4
2018-01-29 21:46:11.711,-2.279,-2.534,-2.382,-1.679,-1.968,-1.977,-2.285,-2.545,-2.38,-1.679,-1.977,-1.984,701.0,683.0,703.0,19.1,19.8,22.4
2018-01-29 21:46:11.883,-2.279,-2.534,-2.382,-1.68,-1.969,-1.978,-2.284,-2.535,-2.388,-1.675,-1.966,-1.983,701.0,683.0,704.0,19.1,19.9,22.3
2018-01-29 21:46:12.023,-2.279,-2.534,-2.383,-1.68,-1.969,-1.978,-2.29,-2.539,-2.376,-1.68,-1.97,-1.99,701.0,683.0,704.0,19.2,19.9,22.3
2018-01-29 21:46:12.148,-2.279,-2.534,-2.383,-1.68,-1.968,-1.979,-2.285,-2.535,-2.388,-1.684,-1.966,-1.995,701.0,683.0,705.0,19.2,19.9,22.2
2018-01-29 21:46:12.273,-2.279,-2.535,-2.383,-1.68,-1.968,-1.98,-2.278,-2.537,-2.388,-1.694,-1.981,-1.983,701.0,683.0,705.0,19.2,19.9,22.1
2018-01-29 21:46:12.413,-2.28,-2.535,-2.383,-1.68,-1.968,-1.98,-2.29,-2.537,-2.382,-1.689,-1.969,-1.975,702.0,683.0,705.0,19.2,19.9,22.1
2018-01-29 21:46:12.569,-2.28,-2.535,-2.383,-1.68,-1.969,-1.98,-2.29,-2.525,-2.392,-1.683,-1.97,-1.989,702.0,683.0,706.0,19.2,19.8,22.1
2018-01-29 21:46:12.694,-2.281,-2.535,-2.384,-1.681,-1.969,-1.981,-2.29,-2.549,-2.386,-1.689,-1.98,-1.986,702.0,684.0,706.0,19.2,19.8,22.1
2018-01-29 21:46:12.819,-2.281,-2.536,-2.385,-1.681,-1.97,-1.981,-2.29,-2.549,-2.396,-1.694,-1.98,-1.982,702.0,684.0,706.0,19.2,19.8,22.0
2018-01-29 21:46:12.943,-2.282,-2.537,-2.386,-1.682,-1.971,-1.981,-2.29,-2.549,-2.388,-1.692,-1.98,-1.983,702.0,684.0,707.0,19.1,19.8,22.0
2018-01-29 21:46:13.100,-2.283,-2.537,-2.386,-1.682,-1.972,-1.981,-2.291,-2.533,-2.396,-1.686,-1.979,-1.982,702.0,684.0,707.0,19.1,19.7,22.0
2018-01-29 21:46:13.224,-2.284,-2.538,-2.388,-1.683,-1.973,-1.981,-2.285,-2.553,-2.396,-1.684,-1.984,-1.982,702.0,684.0,707.0,19.2,19.7,21.9
2018-01-29 21:46:13.358,-2.285,-2.539,-2.389,-1.684,-1.974,-1.982,-2.295,-2.549,-2.396,-1.687,-1.98,-1.982,702.0,684.0,707.0,19.2,19.8,21.9
2018-01-29 21:46:13.530,-2.285,-2.54,-2.389,-1.685,-1.974,-1.982,-2.296,-2.529,-2.384,-1.696,-1.974,-1.989,701.0,684.0,707.0,19.2,19.8,21.9
2018-01-29 21:46:13.655,-2.286,-2.541,-2.39,-1.686,-1.975,-1.983,-2.295,-2.553,-2.392,-1.687,-1.984,-1.977,700.0,683.0,707.0,19.3,19.8,22.0
2018-01-29 21:46:13.789,-2.287,-2.541,-2.39,-1.687,-1.975,-1.983,-2.282,-2.547,-2.384,-1.673,-1.981,-1.978,700.0,683.0,706.0,19.3,19.9,22.0
2018-01-29 21:46:13.917,-2.287,-2.541,-2.391,-1.688,-1.976,-1.984,-2.291,-2.549,-2.352,-1.672,-1.98,-1.919,700.0,683.0,705.0,19.3,19.9,22.1
2018-01-29 21:46:14.045,-2.287,-2.542,-2.391,-1.688,-1.976,-1.984,-2.285,-2.539,-2.392,-1.684,-1.97,-1.989,700.0,683.0,705.0,19.3,19.9,22.2
2018-01-29 21:46:14.172,-2.288,-2.542,-2.391,-1.689,-1.977,-1.984,-2.29,-2.553,-2.387,-1.689,-1.984,-2.0,700.0,683.0,704.0,19.3,19.9,22.2
2018-01-29 21:46:14.296,-2.288,-2.542,-2.39,-1.689,-1.977,-1.985,-2.285,-2.549,-2.391,-1.684,-1.98,-1.993,700.0,683.0,704.0,19.3,19.9,22.3
2018-01-29 21:46:14.420,-2.288,-2.543,-2.39,-1.689,-1.978,-1.985,-2.29,-2.553,-2.4,-1.694,-1.984,-1.983,700.0,683.0,704.0,19.2,20.0,22.3
2018-01-29 21:46:14.545,-2.288,-2.543,-2.39,-1.69,-1.978,-1.985,-2.296,-2.549,-2.396,-1.696,-1.98,-1.989,700.0,683.0,704.0,19.3,20.0,22.3
2018-01-29 21:46:14.670,-2.289,-2.544,-2.39,-1.69,-1.979,-1.985,-2.287,-2.541,-2.388,-1.682,-1.987,-1.983,700.0,683.0,704.0,19.3,20.0,22.3
2018-01-29 21:46:14.842,-2.289,-2.545,-2.391,-1.69,-1.98,-1.985,-2.296,-2.541,-2.396,-1.696,-1.985,-1.989,700.0,683.0,705.0,19.3,20.0,22.2
2018-01-29 21:46:14.966,-2.29,-2.546,-2.391,-1.691,-1.981,-1.986,-2.296,-2.551,-2.4,-1.696,-1.981,-1.988,699.0,683.0,706.0,19.4,20.0,22.1
2018-01-29 21:46:15.091,-2.29,-2.547,-2.392,-1.691,-1.982,-1.986,-2.295,-2.559,-2.397,-1.687,-1.989,-1.984,699.0,683.0,707.0,19.5,20.0,22.0
2018-01-29 21:46:15.216,-2.291,-2.548,-2.393,-1.692,-1.982,-1.987,-2.289,-2.553,-2.392,-1.685,-1.984,-1.984,698.0,683.0,707.0,19.5,19.9,22.0
2018-01-29 21:46:15.356,-2.291,-2.548,-2.393,-1.692,-1.982,-1.987,-2.296,-2.553,-2.397,-1.682,-1.984,-1.984,698.0,683.0,708.0,19.5,19.9,21.9
2018-01-29 21:46:15.528,-2.292,-2.549,-2.395,-1.692,-1.983,-1.987,-2.289,-2.557,-2.401,-1.681,-2.002,-1.99,697.0,683.0,708.0,19.5,19.9,21.8
2018-01-29 21:46:15.653,-2.293,-2.55,-2.395,-1.692,-1.982,-1.988,-2.295,-2.557,-2.401,-1.687,-1.988,-1.99,698.0,683.0,708.0,19.4,19.9,21.8
2018-01-29 21:46:15.773,-2.293,-2.55,-2.396,-1.692,-1.982,-1.988,-2.3,-2.557,-2.392,-1.688,-1.988,-1.989,698.0,683.0,708.0,19.4,19.9,21.8
2018-01-29 21:46:15.894,-2.293,-2.551,-2.396,-1.692,-1.982,-1.99,-2.3,-2.553,-2.396,-1.688,-1.984,-1.982,698.0,682.0,707.0,19.4,19.9,21.9
2018-01-29 21:46:16.019,-2.294,-2.552,-2.397,-1.691,-1.982,-1.991,-2.296,-2.549,-2.401,-1.682,-1.98,-1.99,698.0,682.0,706.0,19.3,20.0,21.9
2018-01-29 21:46:16.146,-2.295,-2.552,-2.397,-1.691,-1.982,-1.992,-2.296,-2.563,-2.396,-1.696,-1.98,-1.982,699.0,681.0,706.0,19.3,20.0,22.0
2018-01-29 21:46:16.272,-2.295,-2.553,-2.398,-1.691,-1.982,-1.992,-2.301,-2.553,-2.409,-1.692,-1.984,-1.989,699.0,681.0,705.0,19.3,20.0,22.0
2018-01-29 21:46:16.412,-2.296,-2.553,-2.398,-1.69,-1.982,-1.992,-2.296,-2.561,-2.396,-1.693,-1.979,-1.989,699.0,681.0,705.0,19.3,20.0,22.1
2018-01-29 21:46:16.555,-2.296,-2.553,-2.399,-1.69,-1.982,-1.992,-2.295,-2.561,-2.4,-1.687,-1.979,-1.995,698.0,681.0,704.0,19.4,20.0,22.2
2018-01-29 21:46:16.695,-2.296,-2.553,-2.4,-1.69,-1.982,-1.991,-2.301,-2.561,-2.4,-1.692,-1.993,-1.995,698.0,681.0,704.0,19.4,20.0,22.2
2018-01-29 21:46:16.820,-2.297,-2.554,-2.4,-1.691,-1.982,-1.991,-2.301,-2.549,-2.401,-1.692,-1.98,-1.99,698.0,682.0,704.0,19.4,20.0,22.3
2018-01-29 21:46:16.945,-2.297,-2.554,-2.4,-1.691,-1.982,-1.99,-2.302,-2.559,-2.4,-1.701,-1.975,-1.995,698.0,682.0,704.0,19.4,19.9,22.3
2018-01-29 21:46:17.069,-2.298,-2.555,-2.401,-1.692,-1.982,-1.99,-2.296,-2.549,-2.404,-1.682,-1.98,-2.0,699.0,683.0,704.0,19.3,19.9,22.2
2018-01-29 21:46:17.241,-2.298,-2.555,-2.401,-1.692,-1.983,-1.989,-2.301,-2.563,-2.397,-1.692,-1.98,-1.984,699.0,683.0,705.0,19.3,19.8,22.2
2018-01-29 21:46:17.359,-2.299,-2.555,-2.401,-1.693,-1.983,-1.989,-2.29,-2.557,-2.405,-1.694,-2.002,-1.984,700.0,684.0,705.0,19.2,19.8,22.2
2018-01-29 21:46:17.500,-2.299,-2.555,-2.401,-1.693,-1.984,-1.989,-2.302,-2.561,-2.396,-1.701,-1.993,-1.989,700.0,684.0,705.0,19.2,19.7,22.2
2018-01-29 21:46:17.671,-2.3,-2.555,-2.402,-1.695,-1.984,-1.989,-2.301,-2.553,-2.404,-1.692,-1.984,-1.989,700.0,685.0,706.0,19.2,19.7,22.1
2018-01-29 21:46:17.796,-2.3,-2.555,-2.402,-1.697,-1.984,-1.989,-2.303,-2.561,-2.404,-1.695,-1.979,-1.993,700.0,685.0,706.0,19.2,19.7,22.0
2018-01-29 21:46:17.921,-2.301,-2.555,-2.402,-1.697,-1.984,-1.989,-2.295,-2.559,-2.402,-1.687,-1.989,-1.997,700.0,685.0,707.0,19.2,19.6,21.9
2018-01-29 21:46:18.046,-2.301,-2.555,-2.403,-1.699,-1.984,-1.99,-2.295,-2.559,-2.4,-1.687,-1.979,-2.007,700.0,685.0,707.0,19.1,19.6,21.8
2018-01-29 21:46:18.217,-2.301,-2.556,-2.403,-1.7,-1.985,-1.991,-2.303,-2.555,-2.408,-1.695,-1.971,-1.994,699.0,686.0,708.0,19.1,19.6,21.7
2018-01-29 21:46:18.342,-2.302,-2.556,-2.403,-1.701,-1.985,-1.992,-2.313,-2.551,-2.4,-1.703,-1.995,-1.988,699.0,686.0,708.0,19.1,19.6,21.7
2018-01-29 21:46:18.467,-2.301,-2.557,-2.403,-1.701,-1.985,-1.993,-2.301,-2.555,-2.406,-1.697,-1.985,-2.003,699.0,686.0,708.0,19.1,19.5,21.7
2018-01-29 21:46:18.592,-2.301,-2.557,-2.403,-1.702,-1.985,-1.994,-2.301,-2.559,-2.41,-1.692,-1.989,-1.996,698.0,686.0,707.0,19.1,19.5,21.8
2018-01-29 21:46:18.732,-2.301,-2.557,-2.404,-1.701,-1.986,-1.995,-2.301,-2.557,-2.396,-1.694,-1.988,-2.001,698.0,685.0,706.0,19.2,19.5,21.8
2018-01-29 21:46:18.872,-2.301,-2.557,-2.404,-1.702,-1.986,-1.995,-2.32,-2.553,-2.41,-1.629,-1.984,-2.008,698.0,685.0,706.0,19.2,19.5,21.9
2018-01-29 21:46:19.013,-2.3,-2.557,-2.404,-1.702,-1.986,-1.996,-2.302,-2.557,-2.406,-1.701,-2.002,-2.003,698.0,685.0,705.0,19.2,19.5,22.0
2018-01-29 21:46:19.138,-2.3,-2.557,-2.404,-1.702,-1.986,-1.997,-2.295,-2.555,-2.406,-1.702,-1.985,-2.003,698.0,684.0,705.0,19.2,19.6,22.0
2018-01-29 21:46:19.262,-2.3,-2.557,-2.405,-1.702,-1.987,-1.997,-2.301,-2.569,-2.408,-1.697,-1.999,-1.994,698.0,684.0,704.0,19.2,19.6,22.1
2018-01-29 21:46:19.418,-2.3,-2.557,-2.405,-1.702,-1.987,-1.997,-2.302,-2.567,-2.405,-1.701,-1.907,-1.996,698.0,683.0,704.0,19.2,19.7,22.1
2018-01-29 21:46:19.590,-2.3,-2.557,-2.405,-1.702,-1.987,-1.998,-2.301,-2.565,-2.4,-1.706,-1.995,-1.995,698.0,683.0,704.0,19.3,19.7,22.1
2018-01-29 21:46:19.715,-2.301,-2.558,-2.405,-1.702,-1.987,-1.998,-2.302,-2.553,-2.408,-1.701,-1.998,-2.006,698.0,682.0,704.0,19.3,19.8,22.1
2018-01-29 21:46:19.840,-2.301,-2.558,-2.406,-1.702,-1.987,-1.999,-2.307,-2.557,-2.408,-1.699,-2.002,-2.006,698.0,682.0,704.0,19.3,19.8,22.1
2018-01-29 21:46:19.980,-2.302,-2.558,-2.406,-1.702,-1.987,-1.999,-2.309,-2.567,-2.404,-1.711,-1.998,-2.0,698.0,682.0,704.0,19.3,19.8,22.1
2018-01-29 21:46:20.136,-2.302,-2.559,-2.407,-1.702,-1.988,-1.999,-2.302,-2.567,-2.414,-1.701,-2.012,-2.002,698.0,682.0,704.0,19.3,19.8,22.1
2018-01-29 21:46:20.261,-2.303,-2.56,-2.407,-1.702,-1.989,-1.999,-2.301,-2.569,-2.409,-1.697,-1.999,-1.989,698.0,682.0,704.0,19.2,19.8,22.0
2018-01-29 21:46:20.386,-2.303,-2.56,-2.407,-1.702,-1.991,-2.0,-2.312,-2.569,-2.408,-1.709,-1.999,-1.994,698.0,682.0,704.0,19.2,19.8,22.0
2018-01-29 21:46:20.510,-2.303,-2.561,-2.407,-1.702,-1.992,-2.0,-2.298,-2.569,-2.414,-1.709,-1.999,-2.002,698.0,681.0,704.0,19.2,19.8,22.0
2018-01-29 21:46:20.666,-2.304,-2.561,-2.407,-1.702,-1.993,-2.0,-2.306,-2.573,-2.414,-1.702,-2.003,-2.002,698.0,681.0,703.0,19.2,19.8,22.0
2018-01-29 21:46:20.807,-2.304,-2.562,-2.407,-1.703,-1.994,-2.001,-2.293,-2.569,-2.414,-1.705,-1.999,-2.002,699.0,681.0,703.0,19.2,19.8,22.1
2018-01-29 21:46:20.932,-2.304,-2.563,-2.407,-1.703,-1.995,-2.001,-2.301,-2.553,-2.41,-1.697,-1.998,-1.996,699.0,681.0,703.0,19.2,19.8,22.1
2018-01-29 21:46:21.056,-2.304,-2.563,-2.407,-1.703,-1.996,-2.001,-2.309,-2.559,-2.414,-1.711,-2.003,-2.002,699.0,681.0,703.0,19.2,19.8,22.1
2018-01-29 21:46:21.197,-2.303,-2.563,-2.408,-1.704,-1.996,-2.002,-2.301,-2.561,-2.413,-1.706,-1.993,-2.018,698.0,682.0,704.0,19.2,19.8,22.1
2018-01-29 21:46:21.368,-2.303,-2.563,-2.408,-1.704,-1.996,-2.003,-2.313,-2.563,-2.418,-1.703,-2.008,-2.007,698.0,682.0,704.0,19.2,19.7,22.1
2018-01-29 21:46:21.493,-2.304,-2.563,-2.408,-1.705,-1.997,-2.003,-2.307,-2.567,-2.41,-1.699,-2.012,-2.008,698.0,682.0,704.0,19.3,19.7,22.1
2018-01-29 21:46:21.618,-2.304,-2.563,-2.409,-1.705,-1.997,-2.004,-2.312,-2.565,-2.41,-1.709,-1.995,-2.008,698.0,683.0,705.0,19.3,19.6,22.0
2018-01-29 21:46:21.743,-2.304,-2.563,-2.409,-1.705,-1.997,-2.005,-2.312,-2.565,-2.4,-1.709,-2.009,-2.007,698.0,683.0,705.0,19.3,19.6,22.0
2018-01-29 21:46:21.883,-2.304,-2.563,-2.409,-1.706,-1.998,-2.005,-2.307,-2.561,-2.41,-1.699,-1.993,-2.008,699.0,683.0,706.0,19.3,19.5,22.0
2018-01-29 21:46:22.039,-2.305,-2.563,-2.409,-1.706,-1.998,-2.005,-2.312,-2.574,-2.414,-1.709,-1.986,-2.002,699.0,684.0,706.0,19.2,19.5,21.9
2018-01-29 21:46:22.164,-2.306,-2.564,-2.41,-1.707,-1.999,-2.006,-2.312,-2.573,-2.41,-1.709,-2.017,-2.008,699.0,684.0,706.0,19.2,19.5,21.9
2018-01-29 21:46:22.289,-2.306,-2.564,-2.41,-1.707,-1.999,-2.006,-2.308,-2.567,-2.418,-1.716,-2.012,-2.019,699.0,684.0,706.0,19.2,19.5,22.0
2018-01-29 21:46:22.414,-2.307,-2.564,-2.411,-1.707,-2.0,-2.006,-2.312,-2.573,-2.413,-1.709,-2.003,-2.007,699.0,684.0,705.0,19.2,19.5,22.0
2018-01-29 21:46:22.570,-2.307,-2.565,-2.411,-1.708,-2.0,-2.006,-2.315,-2.573,-2.408,-1.712,-2.003,-2.006,699.0,684.0,705.0,19.2,19.5,22.1
2018-01-29 21:46:22.710,-2.308,-2.566,-2.412,-1.709,-2.001,-2.007,-2.307,-2.569,-2.401,-1.708,-1.999,-1.984,699.0,683.0,703.0,19.1,19.5,22.2
2018-01-29 21:46:22.850,-2.308,-2.566,-2.412,-1.709,-2.002,-2.008,-2.309,-2.565,-2.415,-1.711,-2.009,-2.003,699.0,683.0,703.0,19.1,19.5,22.2
2018-01-29 21:46:22.975,-2.31,-2.567,-2.413,-1.71,-2.002,-2.008,-2.312,-2.573,-2.42,-1.709,-2.017,-2.004,699.0,683.0,702.0,19.1,19.5,22.2
2018-01-29 21:46:23.100,-2.311,-2.567,-2.413,-1.71,-2.003,-2.009,-2.293,-2.577,-2.414,-1.699,-2.008,-2.014,699.0,683.0,702.0,19.0,19.5,22.2
2018-01-29 21:46:23.265,-2.311,-2.568,-2.413,-1.71,-2.003,-2.009,-2.315,-2.577,-2.422,-1.718,-2.008,-2.013,699.0,683.0,702.0,19.0,19.5,22.2
2018-01-29 21:46:23.390,-2.312,-2.568,-2.414,-1.711,-2.003,-2.01,-2.321,-2.577,-2.431,-1.723,-2.008,-2.019,699.0,683.0,702.0,19.1,19.5,22.2
2018-01-29 21:46:23.530,-2.312,-2.568,-2.414,-1.711,-2.004,-2.01,-2.312,-2.573,-2.417,-1.709,-2.003,-2.012,699.0,683.0,702.0,19.1,19.5,22.2
2018-01-29 21:46:23.702,-2.313,-2.569,-2.415,-1.711,-2.004,-2.01,-2.315,-2.577,-2.414,-1.718,-2.008,-2.002,698.0,683.0,703.0,19.2,19.6,22.1
2018-01-29 21:46:23.827,-2.313,-2.57,-2.416,-1.712,-2.004,-2.011,-2.315,-2.569,-2.417,-1.718,-1.999,-2.012,697.0,683.0,704.0,19.3,19.6,22.1
2018-01-29 21:46:23.951,-2.313,-2.57,-2.417,-1.712,-2.005,-2.011,-2.315,-2.573,-2.419,-1.718,-2.003,-2.014,697.0,682.0,704.0,19.3,19.7,22.0
2018-01-29 21:46:24.076,-2.314,-2.57,-2.417,-1.713,-2.005,-2.011,-2.321,-2.58,-2.418,-1.711,-2.012,-2.007,697.0,682.0,705.0,19.4,19.7,22.0
2018-01-29 21:46:24.248,-2.314,-2.571,-2.418,-1.713,-2.005,-2.011,-2.315,-2.575,-2.395,-1.718,-2.006,-1.909,696.0,682.0,706.0,19.4,19.7,21.9
2018-01-29 21:46:24.373,-2.315,-2.571,-2.418,-1.714,-2.005,-2.012,-2.315,-2.582,-2.413,-1.718,-2.013,-2.018,697.0,682.0,706.0,19.4,19.7,21.9
2018-01-29 21:46:24.497,-2.315,-2.572,-2.418,-1.714,-2.005,-2.012,-2.315,-2.577,-2.418,-1.718,-2.008,-2.007,697.0,682.0,706.0,19.3,19.6,21.9
2018-01-29 21:46:24.622,-2.316,-2.573,-2.418,-1.715,-2.006,-2.012,-2.315,-2.58,-2.408,-1.718,-2.012,-1.999,698.0,682.0,706.0,19.3,19.6,21.9
2018-01-29 21:46:24.763,-2.316,-2.574,-2.418,-1.715,-2.007,-2.012,-2.315,-2.573,-2.413,-1.712,-2.003,-2.018,698.0,682.0,706.0,19.2,19.6,21.9
2018-01-29 21:46:24.919,-2.317,-2.575,-2.418,-1.716,-2.008,-2.012,-2.315,-2.573,-2.422,-1.727,-2.017,-2.013,699.0,682.0,706.0,19.2,19.6,21.9
2018-01-29 21:46:25.043,-2.317,-2.576,-2.418,-1.716,-2.008,-2.013,-2.315,-2.582,-2.426,-1.718,-2.013,-2.03,699.0,682.0,706.0,19.2,19.6,22.0
2018-01-29 21:46:25.168,-2.317,-2.576,-2.419,-1.717,-2.009,-2.013,-2.315,-2.569,-2.422,-1.727,-1.999,-2.013,699.0,682.0,706.0,19.2,19.6,22.0
2018-01-29 21:46:25.293,-2.318,-2.576,-2.419,-1.717,-2.009,-2.014,-2.317,-2.569,-2.427,-1.71,-2.013,-2.026,698.0,682.0,706.0,19.3,19.6,22.0
2018-01-29 21:46:25.449,-2.318,-2.576,-2.419,-1.718,-2.01,-2.014,-2.315,-2.577,-2.431,-1.727,-2.008,-2.031,698.0,682.0,706.0,19.3,19.6,22.0
2018-01-29 21:46:25.621,-2.318,-2.576,-2.42,-1.718,-2.01,-2.016,-2.327,-2.569,-2.427,-1.715,-2.013,-2.026,698.0,682.0,706.0,19.4,19.6,22.0
2018-01-29 21:46:25.745,-2.319,-2.576,-2.421,-1.719,-2.01,-2.017,-2.32,-2.577,-2.427,-1.714,-2.008,-2.026,697.0,682.0,706.0,19.4,19.7,22.0
2018-01-29 21:46:25.870,-2.319,-2.576,-2.421,-1.719,-2.01,-2.017,-2.326,-2.584,-2.435,-1.721,-2.015,-2.037,697.0,682.0,706.0,19.4,19.6,22.0
2018-01-29 21:46:26.011,-2.32,-2.576,-2.421,-1.72,-2.01,-2.018,-2.321,-2.588,-2.427,-1.723,-2.019,-2.014,697.0,682.0,705.0,19.4,19.7,21.9
2018-01-29 21:46:26.167,-2.32,-2.576,-2.422,-1.72,-2.01,-2.018,-2.32,-2.577,-2.423,-1.716,-2.008,-2.02,697.0,683.0,705.0,19.4,19.7,22.0
2018-01-29 21:46:26.291,-2.32,-2.576,-2.422,-1.72,-2.01,-2.019,-2.321,-2.58,-2.426,-1.723,-2.012,-2.018,697.0,682.0,705.0,19.4,19.7,22.0
2018-01-29 21:46:26.416,-2.321,-2.576,-2.423,-1.72,-2.011,-2.019,-2.327,-2.592,-2.422,-1.715,-2.024,-2.013,697.0,682.0,704.0,19.3,19.7,22.1
2018-01-29 21:46:26.541,-2.321,-2.576,-2.424,-1.721,-2.012,-2.019,-2.328,-2.573,-2.423,-1.719,-2.017,-2.02,697.0,682.0,703.0,19.3,19.7,22.2
2018-01-29 21:46:26.681,-2.321,-2.577,-2.424,-1.721,-2.012,-2.02,-2.326,-2.584,-2.427,-1.721,-1.988,-2.026,697.0,682.0,703.0,19.3,19.8,22.2
2018-01-29 21:46:26.822,-2.322,-2.577,-2.425,-1.721,-2.012,-2.02,-2.32,-2.596,-2.427,-1.725,-2.028,-2.026,697.0,681.0,702.0,19.3,19.8,22.3
2018-01-29 21:46:26.947,-2.322,-2.578,-2.425,-1.721,-2.013,-2.021,-2.327,-2.584,-2.434,-1.73,-2.015,-2.018,697.0,681.0,701.0,19.3,19.8,22.4
2018-01-29 21:46:27.071,-2.323,-2.578,-2.425,-1.722,-2.013,-2.021,-2.333,-2.582,-2.427,-1.72,-2.027,-2.033,697.0,682.0,701.0,19.3,19.8,22.4
2018-01-29 21:46:27.196,-2.324,-2.579,-2.426,-1.722,-2.013,-2.021,-2.326,-2.588,-2.431,-1.721,-2.019,-2.019,697.0,682.0,701.0,19.2,19.8,22.4
2018-01-29 21:46:27.352,-2.325,-2.58,-2.426,-1.723,-2.014,-2.021,-2.319,-2.59,-2.431,-1.705,-2.022,-2.019,697.0,682.0,701.0,19.2,19.8,22.4
2018-01-29 21:46:27.493,-2.327,-2.581,-2.426,-1.725,-2.015,-2.022,-2.321,-2.572,-2.422,-1.723,-2.012,-2.037,697.0,682.0,702.0,19.2,19.8,22.3
2018-01-29 21:46:27.617,-2.327,-2.582,-2.426,-1.726,-2.016,-2.022,-2.348,-2.582,-2.426,-1.701,-2.027,-1.917,697.0,682.0,702.0,19.2,19.8,22.3
2018-01-29 21:46:27.742,-2.328,-2.583,-2.427,-1.726,-2.017,-2.022,-2.326,-2.582,-2.431,-1.721,-2.027,-2.019,697.0,682.0,702.0,19.2,19.8,22.3
2018-01-29 21:46:27.867,-2.328,-2.584,-2.427,-1.727,-2.018,-2.022,-2.326,-2.582,-2.435,-1.736,-2.027,-2.02,697.0,682.0,702.0,19.2,19.8,22.3
2018-01-29 21:46:28.039,-2.328,-2.584,-2.427,-1.727,-2.018,-2.022,-2.333,-2.586,-2.421,-1.72,-2.018,-2.029,697.0,682.0,702.0,19.2,19.8,22.3
2018-01-29 21:46:28.163,-2.328,-2.583,-2.428,-1.728,-2.018,-2.022,-2.333,-2.59,-2.435,-1.734,-2.022,-2.032,698.0,681.0,702.0,19.2,19.8,22.4
2018-01-29 21:46:28.297,-2.328,-2.583,-2.428,-1.728,-2.018,-2.022,-2.327,-2.588,-2.431,-1.73,-2.019,-2.014,698.0,681.0,702.0,19.2,19.9,22.3
2018-01-29 21:46:28.469,-2.328,-2.582,-2.428,-1.728,-2.018,-2.022,-2.332,-2.586,-2.436,-1.74,-2.018,-2.027,699.0,681.0,702.0,19.1,19.9,22.3
2018-01-29 21:46:28.594,-2.328,-2.582,-2.428,-1.728,-2.019,-2.022,-2.333,-2.588,-2.431,-1.734,-2.033,-2.019,700.0,681.0,703.0,19.1,19.9,22.2
2018-01-29 21:46:28.718,-2.328,-2.582,-2.428,-1.729,-2.02,-2.023,-2.326,-2.59,-2.439,-1.721,-2.022,-2.03,700.0,680.0,704.0,19.1,19.9,22.2
2018-01-29 21:46:28.843,-2.328,-2.583,-2.429,-1.729,-2.02,-2.023,-2.327,-2.586,-2.439,-1.73,-2.018,-2.03,700.0,680.0,704.0,19.1,19.9,22.2
2018-01-29 21:46:29.015,-2.328,-2.583,-2.429,-1.729,-2.021,-2.024,-2.327,-2.592,-2.427,-1.739,-2.024,-2.021,700.0,680.0,704.0,19.1,19.8,22.1
2018-01-29 21:46:29.140,-2.328,-2.584,-2.43,-1.729,-2.022,-2.024,-2.329,-2.592,-2.439,-1.728,-2.024,-2.03,700.0,680.0,704.0,19.1,19.8,22.1
2018-01-29 21:46:29.264,-2.328,-2.585,-2.431,-1.729,-2.023,-2.025,-2.333,-2.592,-2.427,-1.725,-2.024,-2.037,700.0,680.0,704.0,19.1,19.7,22.1
2018-01-29 21:46:29.389,-2.328,-2.585,-2.431,-1.729,-2.024,-2.026,-2.333,-2.592,-2.427,-1.725,-2.024,-2.026,699.0,680.0,703.0,19.1,19.7,22.1
2018-01-29 21:46:29.530,-2.329,-2.586,-2.432,-1.729,-2.024,-2.027,-2.333,-2.592,-2.435,-1.734,-2.024,-2.037,698.0,680.0,703.0,19.2,19.7,22.1
2018-01-29 21:46:29.686,-2.329,-2.587,-2.432,-1.73,-2.025,-2.027,-2.326,-2.582,-2.431,-1.736,-2.027,-2.038,698.0,680.0,703.0,19.2,19.7,22.1
2018-01-29 21:46:29.810,-2.33,-2.587,-2.432,-1.73,-2.026,-2.028,-2.333,-2.592,-2.439,-1.734,-2.024,-2.03,697.0,680.0,703.0,19.3,19.7,22.2
2018-01-29 21:46:29.935,-2.33,-2.588,-2.433,-1.73,-2.026,-2.029,-2.338,-2.596,-2.427,-1.733,-2.002,-2.026,697.0,680.0,702.0,19.3,19.8,22.1
2018-01-29 21:46:30.060,-2.331,-2.588,-2.433,-1.73,-2.025,-2.03,-2.333,-2.59,-2.436,-1.72,-2.02,-2.027,697.0,680.0,702.0,19.3,19.8,22.1
2018-01-29 21:46:30.216,-2.331,-2.588,-2.433,-1.731,-2.025,-2.03,-2.333,-2.592,-2.437,-1.734,-2.024,-2.017,696.0,680.0,702.0,19.3,19.8,22.1
2018-01-29 21:46:30.356,-2.332,-2.589,-2.433,-1.731,-2.024,-2.031,-2.328,-2.594,-2.439,-1.722,-2.028,-2.049,696.0,681.0,702.0,19.3,19.7,21.9
2018-01-29 21:46:30.481,-2.332,-2.589,-2.433,-1.731,-2.024,-2.032,-2.322,-2.598,-2.44,-1.729,-2.029,-2.044,696.0,681.0,702.0,19.3,19.7,21.9
2018-01-29 21:46:30.606,-2.333,-2.589,-2.434,-1.732,-2.024,-2.033,-2.327,-2.592,-2.44,-1.73,-2.024,-2.033,696.0,681.0,702.0,19.3,19.7,21.9
2018-01-29 21:46:30.731,-2.333,-2.589,-2.434,-1.732,-2.024,-2.034,-2.341,-2.592,-2.435,-1.739,-2.024,-2.037,696.0,682.0,702.0,19.3,19.6,21.9
2018-01-29 21:46:30.887,-2.333,-2.589,-2.435,-1.732,-2.024,-2.034,-2.333,-2.586,-2.436,-1.737,-2.031,-2.027,696.0,682.0,702.0,19.3,19.6,21.9
2018-01-29 21:46:31.027,-2.334,-2.589,-2.435,-1.733,-2.025,-2.034,-2.338,-2.592,-2.436,-1.733,-2.024,-2.027,696.0,682.0,702.0,19.3,19.5,21.9
