,angle_x_filter_R,angle_x_filter_L,angle_x_filter_M,angle_y_filter_R,angle_y_filter_L,angle_y_filter_M,angle_x_raw_R,angle_x_raw_L,angle_x_raw_M,angle_y_raw_R,angle_y_raw_L,angle_y_raw_M,radiation_R,radiation_L,radiation_M,temp_R,temp_L,temp_M
2018-01-18 18:29:10.919663,-1.553,0.779,-4.253,1.648,2.65,1.084,-1.558,0.771,-4.259,1.658,2.654,1.096,1112.0,1100.0,1057.0,15.4,13.3,13.0
2018-01-18 18:29:11.110674,-1.553,0.778,-4.254,1.648,2.651,1.085,-1.554,0.772,-4.265,1.657,2.647,1.086,1112.0,1109.0,1051.0,15.3,13.9,12.6
2018-01-18 18:29:11.302685,-1.554,0.777,-4.254,1.648,2.652,1.085,-1.549,0.778,-4.264,1.655,2.645,1.095,1112.0,1113.0,1046.0,15.0,14.2,12.1
2018-01-18 18:29:11.494696,-1.554,0.777,-4.255,1.649,2.652,1.085,-1.561,0.77,-4.265,1.646,2.66,1.091,1112.0,1112.0,1041.0,14.6,14.2,11.7
2018-01-18 18:29:11.686707,-1.554,0.776,-4.255,1.651,2.653,1.085,-1.553,0.774,-4.265,1.652,2.651,1.099,1112.0,1105.0,1035.0,13.8,13.6,11.1
2018-01-18 18:29:11.878718,-1.554,0.775,-4.255,1.652,2.654,1.085,-1.55,0.774,-4.264,1.656,2.661,1.109,1106.0,1096.0,1031.0,13.1,13.0,10.6
2018-01-18 18:29:12.070729,-1.554,0.775,-4.256,1.653,2.654,1.086,-1.558,0.782,-4.275,1.664,2.649,1.099,1094.0,1084.0,1026.0,12.2,12.3,10.3
2018-01-18 18:29:12.262740,-1.553,0.774,-4.257,1.654,2.655,1.086,-1.553,0.765,-4.262,1.654,2.668,1.094,1083.0,1070.0,1022.0,11.4,11.6,10.0
2018-01-18 18:29:12.454751,-1.553,0.774,-4.259,1.655,2.655,1.088,-1.558,0.766,-4.256,1.642,2.651,1.091,1075.0,1061.0,1018.0,11.0,11.2,10.0
2018-01-18 18:29:12.646762,-1.553,0.773,-4.26,1.655,2.655,1.089,-1.552,0.77,-4.268,1.654,2.645,1.101,1071.0,1057.0,1018.0,11.0,10.9,10.2
2018-01-18 18:29:12.838773,-1.553,0.772,-4.261,1.655,2.656,1.091,-1.557,0.772,-4.268,1.653,2.664,1.092,1071.0,1057.0,1019.0,11.1,11.0,10.7
2018-01-18 18:29:13.030783,-1.553,0.772,-4.262,1.654,2.656,1.092,-1.557,0.768,-4.264,1.668,2.664,1.104,1073.0,1060.0,1021.0,11.3,11.0,10.9
2018-01-18 18:29:13.222794,-1.553,0.772,-4.263,1.654,2.656,1.093,-1.553,0.772,-4.26,1.654,2.656,1.104,1076.0,1064.0,1022.0,11.4,11.2,11.1
2018-01-18 18:29:13.414805,-1.553,0.772,-4.264,1.655,2.657,1.094,-1.559,0.762,-4.263,1.661,2.664,1.106,1079.0,1067.0,1022.0,11.4,11.2,11.0
2018-01-18 18:29:13.606816,-1.554,0.772,-4.265,1.656,2.657,1.094,-1.561,0.768,-4.266,1.66,2.668,1.089,1082.0,1069.0,1022.0,11.2,11.2,10.8
2018-01-18 18:29:13.798827,-1.555,0.772,-4.266,1.658,2.659,1.093,-1.557,0.767,-4.271,1.661,2.663,1.137,1084.0,1070.0,1021.0,11.1,11.2,10.5
2018-01-18 18:29:13.990838,-1.556,0.771,-4.266,1.659,2.66,1.093,-1.569,0.77,-4.257,1.661,2.664,1.086,1087.0,1071.0,1022.0,11.0,11.2,10.3
2018-01-18 18:29:14.182849,-1.557,0.77,-4.265,1.66,2.661,1.092,-1.564,0.762,-4.273,1.654,2.67,1.093,1090.0,1075.0,1025.0,11.3,11.5,10.5
2018-01-18 18:29:14.373860,-1.558,0.769,-4.264,1.66,2.662,1.091,-1.57,0.768,-4.259,1.66,2.666,1.097,1097.0,1082.0,1033.0,11.9,12.0,11.0
2018-01-18 18:29:14.565871,-1.56,0.768,-4.263,1.66,2.663,1.092,-1.559,0.769,-4.269,1.66,2.679,1.096,1107.0,1090.0,1041.0,12.6,12.5,11.6
2018-01-18 18:29:14.757882,-1.561,0.766,-4.263,1.659,2.664,1.093,-1.562,0.769,-4.276,1.666,2.672,1.108,1112.0,1097.0,1047.0,13.1,12.8,12.1
2018-01-18 18:29:14.949893,-1.562,0.766,-4.264,1.658,2.665,1.095,-1.566,0.762,-4.274,1.663,2.678,1.105,1112.0,1100.0,1050.0,13.3,12.8,12.3
2018-01-18 18:29:15.141904,-1.563,0.765,-4.265,1.658,2.666,1.098,-1.568,0.76,-4.276,1.661,2.681,1.103,1112.0,1098.0,1048.0,13.4,12.5,12.0
2018-01-18 18:29:15.333915,-1.563,0.765,-4.266,1.658,2.668,1.1,-1.565,0.768,-4.274,1.669,2.673,1.1,1110.0,1091.0,1043.0,13.1,12.0,11.5
2018-01-18 18:29:15.525926,-1.563,0.765,-4.268,1.658,2.669,1.102,-1.558,0.771,-4.285,1.672,2.681,1.109,1106.0,1085.0,1036.0,12.8,11.5,11.0
2018-01-18 18:29:15.717937,-1.564,0.765,-4.269,1.659,2.67,1.103,-1.569,0.77,-4.28,1.66,2.675,1.104,1102.0,1078.0,1029.0,12.5,11.1,10.6
2018-01-18 18:29:15.909948,-1.564,0.765,-4.271,1.66,2.671,1.105,-1.559,0.76,-4.274,1.67,2.678,1.105,1096.0,1072.0,1021.0,12.2,10.6,10.2
2018-01-18 18:29:16.101959,-1.564,0.765,-4.273,1.661,2.672,1.106,-1.563,0.764,-4.275,1.673,2.672,1.108,1092.0,1068.0,1014.0,11.9,10.4,10.0
2018-01-18 18:29:16.293970,-1.565,0.765,-4.275,1.662,2.672,1.107,-1.566,0.762,-4.283,1.664,2.673,1.115,1089.0,1065.0,1010.0,11.7,10.2,9.8
2018-01-18 18:29:16.485981,-1.565,0.765,-4.276,1.664,2.674,1.108,-1.556,0.76,-4.283,1.671,2.679,1.115,1086.0,1059.0,1006.0,11.5,10.1,9.5
2018-01-18 18:29:16.677992,-1.565,0.765,-4.277,1.665,2.675,1.109,-1.566,0.766,-4.278,1.665,2.677,1.106,1083.0,1055.0,1002.0,11.2,10.0,9.3
2018-01-18 18:29:16.870003,-1.565,0.764,-4.278,1.667,2.676,1.11,-1.562,0.761,-4.28,1.667,2.678,1.109,1079.0,1050.0,999.0,10.9,9.7,8.9
2018-01-18 18:29:17.062014,-1.565,0.764,-4.279,1.668,2.677,1.11,-1.565,0.761,-4.284,1.674,2.68,1.11,1075.0,1046.0,996.0,10.6,9.5,8.6
2018-01-18 18:29:17.254025,-1.564,0.764,-4.28,1.669,2.677,1.111,-1.565,0.758,-4.278,1.662,2.673,1.115,1072.0,1042.0,994.0,10.3,9.4,8.3
2018-01-18 18:29:17.446036,-1.563,0.764,-4.281,1.67,2.677,1.112,-1.571,0.767,-4.287,1.676,2.683,1.112,1071.0,1040.0,993.0,10.2,9.3,8.1
2018-01-18 18:29:17.638047,-1.563,0.764,-4.281,1.67,2.677,1.112,-1.57,0.757,-4.277,1.675,2.675,1.111,1071.0,1041.0,994.0,10.1,9.3,8.1
2018-01-18 18:29:17.829058,-1.563,0.763,-4.282,1.67,2.677,1.112,-1.563,0.758,-4.291,1.673,2.682,1.117,1073.0,1042.0,995.0,10.1,9.2,8.1
2018-01-18 18:29:18.021069,-1.563,0.763,-4.282,1.67,2.677,1.113,-1.565,0.76,-4.295,1.674,2.679,1.114,1075.0,1044.0,995.0,10.2,9.2,8.3
2018-01-18 18:29:18.213080,-1.563,0.762,-4.283,1.67,2.677,1.113,-1.568,0.757,-4.284,1.674,2.679,1.119,1076.0,1046.0,996.0,10.3,9.2,8.3
2018-01-18 18:29:18.405091,-1.564,0.762,-4.283,1.671,2.677,1.114,-1.575,0.758,-4.289,1.679,2.678,1.115,1077.0,1046.0,995.0,10.4,9.3,8.4
2018-01-18 18:29:18.597102,-1.564,0.761,-4.284,1.671,2.678,1.114,-1.577,0.764,-4.283,1.678,2.676,1.11,1076.0,1045.0,994.0,10.5,9.4,8.5
2018-01-18 18:29:18.789113,-1.565,0.76,-4.285,1.673,2.678,1.115,-1.565,0.764,-4.282,1.672,2.682,1.117,1073.0,1045.0,993.0,10.6,9.4,8.6
2018-01-18 18:29:18.981124,-1.566,0.76,-4.285,1.677,2.679,1.115,-1.567,0.757,-4.287,1.679,2.69,1.121,1071.0,1044.0,991.0,10.7,9.4,8.7
2018-01-18 18:29:19.173135,-1.567,0.759,-4.286,1.68,2.68,1.115,-1.57,0.755,-4.293,1.679,2.69,1.116,1068.0,1042.0,990.0,10.8,9.5,8.7
2018-01-18 18:29:19.365146,-1.568,0.759,-4.287,1.683,2.68,1.116,-1.57,0.756,-4.291,1.682,2.686,1.132,1064.0,1041.0,989.0,10.7,9.5,8.6
2018-01-18 18:29:19.557157,-1.568,0.758,-4.287,1.684,2.681,1.116,-1.577,0.755,-4.29,1.681,2.682,1.119,1060.0,1039.0,987.0,10.7,9.4,8.6
2018-01-18 18:29:19.749168,-1.569,0.758,-4.288,1.684,2.682,1.117,-1.561,0.757,-4.293,1.681,2.681,1.121,1057.0,1037.0,986.0,10.6,9.3,8.5
2018-01-18 18:29:19.941179,-1.569,0.757,-4.288,1.684,2.683,1.118,-1.572,0.752,-4.291,1.677,2.682,1.127,1054.0,1035.0,984.0,10.3,9.2,8.3
2018-01-18 18:29:20.133190,-1.569,0.756,-4.289,1.682,2.684,1.118,-1.571,0.754,-4.287,1.671,2.683,1.121,1055.0,1033.0,983.0,10.1,9.1,8.2
2018-01-18 18:29:20.325201,-1.569,0.755,-4.289,1.681,2.684,1.119,-1.573,0.754,-4.291,1.688,2.685,1.118,1057.0,1032.0,984.0,9.9,9.1,8.1
2018-01-18 18:29:20.517212,-1.569,0.754,-4.29,1.68,2.685,1.118,-1.573,0.753,-4.289,1.684,2.679,1.124,1060.0,1032.0,984.0,9.7,9.0,8.0
2018-01-18 18:29:20.709223,-1.57,0.753,-4.291,1.68,2.686,1.117,-1.574,0.752,-4.297,1.679,2.682,1.126,1063.0,1033.0,985.0,9.5,9.0,7.9
2018-01-18 18:29:20.901234,-1.57,0.752,-4.291,1.68,2.687,1.117,-1.576,0.757,-4.289,1.683,2.696,1.124,1065.0,1033.0,986.0,9.4,9.0,7.8
2018-01-18 18:29:21.093245,-1.571,0.752,-4.292,1.68,2.687,1.117,-1.577,0.757,-4.299,1.694,2.696,1.125,1065.0,1033.0,987.0,9.4,9.1,7.8
2018-01-18 18:29:21.285256,-1.571,0.752,-4.293,1.681,2.688,1.118,-1.567,0.752,-4.295,1.685,2.688,1.128,1064.0,1034.0,988.0,9.3,9.1,7.8
2018-01-18 18:29:21.477267,-1.571,0.752,-4.294,1.683,2.69,1.119,-1.573,0.748,-4.298,1.684,2.704,1.121,1063.0,1035.0,988.0,9.4,9.1,7.9
2018-01-18 18:29:21.669278,-1.571,0.752,-4.295,1.684,2.691,1.121,-1.568,0.749,-4.3,1.689,2.698,1.124,1062.0,1037.0,988.0,9.5,9.1,8.0
2018-01-18 18:29:21.860289,-1.572,0.751,-4.296,1.685,2.691,1.123,-1.58,0.745,-4.291,1.681,2.696,1.127,1061.0,1037.0,988.0,9.6,9.1,8.1
2018-01-18 18:29:22.052299,-1.572,0.751,-4.296,1.686,2.692,1.124,-1.569,0.743,-4.303,1.688,2.696,1.126,1062.0,1036.0,987.0,9.6,9.1,8.1
2018-01-18 18:29:22.244310,-1.573,0.751,-4.297,1.686,2.693,1.125,-1.582,0.745,-4.296,1.689,2.696,1.127,1063.0,1036.0,987.0,9.7,9.1,8.0
2018-01-18 18:29:22.436321,-1.574,0.75,-4.298,1.687,2.694,1.125,-1.574,0.737,-4.302,1.687,2.698,1.127,1066.0,1035.0,986.0,9.7,9.1,8.0
2018-01-18 18:29:22.628332,-1.575,0.75,-4.298,1.687,2.695,1.124,-1.575,0.748,-4.3,1.692,2.691,1.124,1068.0,1034.0,985.0,9.7,9.1,7.9
2018-01-18 18:29:22.820343,-1.576,0.749,-4.299,1.688,2.696,1.124,-1.581,0.742,-4.305,1.687,2.694,1.129,1069.0,1032.0,985.0,9.8,9.2,7.9
2018-01-18 18:29:23.012354,-1.578,0.749,-4.299,1.689,2.696,1.124,-1.572,0.744,-4.301,1.696,2.709,1.132,1068.0,1031.0,985.0,9.8,9.2,7.9
2018-01-18 18:29:23.204365,-1.579,0.748,-4.3,1.691,2.697,1.125,-1.584,0.753,-4.301,1.689,2.697,1.137,1066.0,1030.0,984.0,9.8,9.1,7.8
2018-01-18 18:29:23.396376,-1.579,0.746,-4.3,1.692,2.698,1.126,-1.583,0.746,-4.309,1.691,2.705,1.134,1064.0,1030.0,984.0,9.7,9.0,7.8
2018-01-18 18:29:23.588387,-1.579,0.745,-4.301,1.692,2.699,1.128,-1.578,0.738,-4.303,1.688,2.705,1.14,1062.0,1030.0,983.0,9.6,8.9,7.8
2018-01-18 18:29:23.780398,-1.578,0.745,-4.301,1.692,2.7,1.129,-1.586,0.745,-4.309,1.696,2.706,1.134,1061.0,1032.0,983.0,9.5,8.8,7.8
2018-01-18 18:29:23.972409,-1.578,0.744,-4.302,1.692,2.7,1.131,-1.577,0.744,-4.307,1.705,2.701,1.136,1060.0,1033.0,983.0,9.4,8.7,7.8
2018-01-18 18:29:24.164420,-1.579,0.744,-4.303,1.691,2.7,1.132,-1.584,0.74,-4.3,1.694,2.694,1.138,1059.0,1034.0,983.0,9.3,8.6,7.8
2018-01-18 18:29:24.356431,-1.579,0.744,-4.303,1.69,2.7,1.133,-1.579,0.745,-4.307,1.697,2.706,1.132,1059.0,1035.0,983.0,9.3,8.7,7.9
2018-01-18 18:29:24.548442,-1.58,0.743,-4.303,1.69,2.699,1.134,-1.577,0.744,-4.312,1.701,2.701,1.132,1058.0,1036.0,984.0,9.4,8.8,7.9
2018-01-18 18:29:24.740453,-1.58,0.742,-4.304,1.69,2.699,1.134,-1.579,0.742,-4.303,1.694,2.706,1.14,1057.0,1036.0,983.0,9.4,8.8,8.0
2018-01-18 18:29:24.932464,-1.581,0.741,-4.304,1.691,2.7,1.134,-1.583,0.745,-4.312,1.701,2.706,1.137,1055.0,1036.0,983.0,9.5,8.9,8.1
2018-01-18 18:29:25.123475,-1.581,0.741,-4.305,1.692,2.7,1.134,-1.583,0.741,-4.296,1.691,2.703,1.141,1054.0,1035.0,983.0,9.5,8.9,8.1
2018-01-18 18:29:25.315486,-1.581,0.74,-4.305,1.693,2.7,1.134,-1.589,0.753,-4.311,1.697,2.703,1.142,1054.0,1034.0,983.0,9.5,9.0,8.1
2018-01-18 18:29:25.507497,-1.581,0.74,-4.306,1.693,2.701,1.134,-1.577,0.737,-4.307,1.7,2.709,1.136,1054.0,1032.0,983.0,9.5,9.1,8.1
2018-01-18 18:29:25.699508,-1.581,0.74,-4.306,1.694,2.701,1.135,-1.594,0.74,-4.311,1.694,2.705,1.147,1054.0,1031.0,983.0,9.6,9.2,8.2
2018-01-18 18:29:25.891519,-1.582,0.74,-4.306,1.695,2.702,1.135,-1.584,0.737,-4.308,1.699,2.698,1.14,1054.0,1031.0,983.0,9.6,9.2,8.2
2018-01-18 18:29:26.083530,-1.582,0.74,-4.307,1.695,2.702,1.135,-1.583,0.745,-4.309,1.693,2.706,1.139,1055.0,1032.0,984.0,9.6,9.2,8.3
2018-01-18 18:29:26.275541,-1.583,0.74,-4.307,1.696,2.703,1.136,-1.585,0.738,-4.311,1.697,2.715,1.141,1055.0,1033.0,985.0,9.6,9.2,8.3
2018-01-18 18:29:26.467552,-1.583,0.74,-4.308,1.697,2.704,1.136,-1.585,0.738,-4.312,1.7,2.711,1.151,1055.0,1034.0,986.0,9.7,9.3,8.3
2018-01-18 18:29:26.659563,-1.584,0.74,-4.309,1.697,2.705,1.137,-1.591,0.733,-4.311,1.696,2.706,1.142,1055.0,1036.0,989.0,9.8,9.3,8.3
2018-01-18 18:29:26.851574,-1.584,0.739,-4.309,1.698,2.706,1.137,-1.59,0.738,-4.312,1.704,2.708,1.137,1056.0,1037.0,990.0,9.8,9.3,8.2
2018-01-18 18:29:27.043585,-1.584,0.739,-4.309,1.698,2.707,1.138,-1.589,0.737,-4.313,1.697,2.715,1.145,1057.0,1039.0,991.0,9.7,9.2,8.2
2018-01-18 18:29:27.235596,-1.585,0.738,-4.31,1.699,2.707,1.138,-1.593,0.738,-4.312,1.703,2.708,1.137,1057.0,1040.0,991.0,9.7,9.1,8.2
2018-01-18 18:29:27.427607,-1.585,0.737,-4.31,1.699,2.708,1.139,-1.585,0.74,-4.319,1.7,2.719,1.144,1057.0,1040.0,990.0,9.7,9.0,8.2
2018-01-18 18:29:27.619618,-1.586,0.737,-4.311,1.7,2.708,1.139,-1.595,0.729,-4.322,1.702,2.709,1.142,1056.0,1039.0,989.0,9.7,9.0,8.2
2018-01-18 18:29:27.811629,-1.586,0.736,-4.311,1.701,2.708,1.14,-1.589,0.732,-4.311,1.697,2.713,1.142,1056.0,1038.0,987.0,9.7,9.0,8.2
2018-01-18 18:29:28.003640,-1.587,0.736,-4.312,1.701,2.709,1.14,-1.593,0.731,-4.327,1.709,2.719,1.147,1056.0,1038.0,987.0,9.7,9.0,8.2
2018-01-18 18:29:28.195651,-1.588,0.735,-4.313,1.702,2.71,1.141,-1.59,0.734,-4.315,1.709,2.711,1.138,1056.0,1037.0,986.0,9.6,9.0,8.2
2018-01-18 18:29:28.386662,-1.588,0.735,-4.313,1.703,2.711,1.142,-1.591,0.729,-4.323,1.713,2.724,1.155,1058.0,1037.0,987.0,9.5,9.0,8.1
2018-01-18 18:29:28.578673,-1.589,0.734,-4.314,1.705,2.712,1.142,-1.598,0.733,-4.318,1.707,2.718,1.145,1059.0,1037.0,987.0,9.5,8.9,7.9
2018-01-18 18:29:28.770684,-1.589,0.733,-4.314,1.707,2.713,1.143,-1.595,0.725,-4.318,1.699,2.713,1.145,1060.0,1036.0,988.0,9.4,8.9,7.8
2018-01-18 18:29:28.962695,-1.589,0.732,-4.315,1.708,2.714,1.143,-1.595,0.726,-4.327,1.71,2.714,1.147,1059.0,1034.0,988.0,9.5,9.0,7.7
2018-01-18 18:29:29.154706,-1.589,0.732,-4.315,1.708,2.715,1.144,-1.599,0.721,-4.316,1.705,2.723,1.143,1058.0,1034.0,989.0,9.5,9.0,7.7
2018-01-18 18:29:29.346717,-1.59,0.731,-4.314,1.709,2.715,1.143,-1.595,0.73,-4.326,1.699,2.716,1.153,1056.0,1034.0,988.0,9.6,9.0,7.6
2018-01-18 18:29:29.538728,-1.59,0.731,-4.314,1.709,2.715,1.142,-1.6,0.722,-4.325,1.707,2.719,1.149,1054.0,1034.0,987.0,9.7,8.9,7.6
2018-01-18 18:29:29.730739,-1.59,0.73,-4.314,1.708,2.715,1.141,-1.591,0.721,-4.326,1.713,2.715,1.153,1052.0,1035.0,986.0,9.7,8.8,7.7
2018-01-18 18:29:29.922750,-1.592,0.729,-4.316,1.706,2.715,1.142,-1.594,0.726,-4.323,1.715,2.72,1.155,1051.0,1036.0,985.0,9.6,8.6,7.7
2018-01-18 18:29:30.114761,-1.593,0.728,-4.317,1.705,2.716,1.144,-1.599,0.729,-4.326,1.705,2.712,1.153,1050.0,1036.0,984.0,9.5,8.5,7.8
2018-01-18 18:29:30.306772,-1.595,0.727,-4.319,1.705,2.716,1.145,-1.593,0.733,-4.331,1.703,2.726,1.157,1050.0,1035.0,984.0,9.3,8.5,7.8
2018-01-18 18:29:30.498783,-1.595,0.727,-4.321,1.706,2.716,1.147,-1.606,0.726,-4.328,1.71,2.72,1.156,1050.0,1033.0,984.0,9.3,8.6,7.8
2018-01-18 18:29:30.690794,-1.596,0.727,-4.323,1.707,2.716,1.149,-1.596,0.729,-4.32,1.7,2.724,1.148,1050.0,1032.0,984.0,9.3,8.7,7.8
2018-01-18 18:29:30.882805,-1.596,0.727,-4.324,1.708,2.717,1.151,-1.592,0.726,-4.327,1.714,2.72,1.147,1052.0,1031.0,985.0,9.3,8.8,7.8
2018-01-18 18:29:31.074816,-1.596,0.727,-4.325,1.709,2.717,1.152,-1.592,0.724,-4.326,1.714,2.723,1.164,1054.0,1030.0,986.0,9.3,8.9,7.8
2018-01-18 18:29:31.266827,-1.597,0.727,-4.326,1.709,2.717,1.153,-1.593,0.724,-4.331,1.709,2.716,1.157,1055.0,1030.0,987.0,9.3,8.9,7.7
2018-01-18 18:29:31.458838,-1.597,0.726,-4.326,1.71,2.718,1.153,-1.603,0.713,-4.327,1.707,2.725,1.151,1057.0,1030.0,988.0,9.3,8.8,7.6
2018-01-18 18:29:31.650849,-1.597,0.726,-4.325,1.711,2.719,1.153,-1.599,0.714,-4.323,1.711,2.731,1.163,1058.0,1031.0,988.0,9.3,8.9,7.7
2018-01-18 18:29:31.842859,-1.597,0.725,-4.325,1.711,2.72,1.153,-1.605,0.725,-4.32,1.717,2.721,1.153,1061.0,1033.0,989.0,9.5,9.0,7.8
2018-01-18 18:29:32.034870,-1.597,0.724,-4.325,1.711,2.721,1.152,-1.595,0.724,-4.315,1.72,2.716,1.152,1062.0,1035.0,991.0,9.6,9.2,8.0
2018-01-18 18:29:32.226881,-1.598,0.723,-4.325,1.712,2.722,1.152,-1.596,0.722,-4.326,1.716,2.732,1.152,1063.0,1037.0,992.0,9.8,9.4,8.2
2018-01-18 18:29:32.417892,-1.598,0.722,-4.325,1.712,2.723,1.152,-1.603,0.717,-4.325,1.72,2.728,1.157,1064.0,1040.0,994.0,9.9,9.4,8.3
2018-01-18 18:29:32.610903,-1.599,0.722,-4.324,1.712,2.724,1.153,-1.599,0.718,-4.325,1.711,2.722,1.161,1066.0,1043.0,996.0,10.0,9.5,8.4
2018-01-18 18:29:32.801914,-1.599,0.721,-4.324,1.713,2.725,1.153,-1.611,0.721,-4.335,1.705,2.736,1.153,1067.0,1046.0,998.0,10.1,9.5,8.5
2018-01-18 18:29:32.993925,-1.6,0.72,-4.325,1.713,2.725,1.154,-1.606,0.717,-4.329,1.708,2.732,1.162,1068.0,1049.0,1000.0,10.2,9.5,8.6
2018-01-18 18:29:33.185936,-1.6,0.72,-4.325,1.713,2.726,1.154,-1.6,0.715,-4.323,1.709,2.736,1.163,1070.0,1051.0,1002.0,10.4,9.6,8.7
2018-01-18 18:29:33.377947,-1.601,0.719,-4.325,1.713,2.725,1.154,-1.61,0.719,-4.332,1.717,2.729,1.16,1073.0,1054.0,1004.0,10.5,9.8,8.8
2018-01-18 18:29:33.569958,-1.602,0.718,-4.325,1.714,2.725,1.152,-1.6,0.719,-4.334,1.718,2.733,1.157,1076.0,1056.0,1005.0,10.6,10.0,9.0
2018-01-18 18:29:33.761969,-1.602,0.717,-4.326,1.715,2.725,1.151,-1.605,0.712,-4.338,1.717,2.726,1.153,1079.0,1056.0,1007.0,10.7,10.2,9.1
2018-01-18 18:29:33.953980,-1.603,0.717,-4.326,1.716,2.725,1.151,-1.605,0.713,-4.333,1.716,2.733,1.159,1080.0,1057.0,1007.0,10.8,10.3,9.2
2018-01-18 18:29:34.145991,-1.603,0.716,-4.327,1.716,2.726,1.151,-1.607,0.707,-4.331,1.717,2.731,1.155,1080.0,1057.0,1007.0,10.9,10.4,9.3
2018-01-18 18:29:34.338002,-1.603,0.715,-4.328,1.717,2.727,1.153,-1.609,0.716,-4.329,1.716,2.735,1.163,1078.0,1058.0,1006.0,10.9,10.3,9.4
2018-01-18 18:29:34.530013,-1.604,0.714,-4.329,1.717,2.728,1.154,-1.613,0.709,-4.325,1.716,2.732,1.161,1076.0,1057.0,1004.0,11.0,10.3,9.4
2018-01-18 18:29:34.722024,-1.604,0.714,-4.331,1.716,2.728,1.155,-1.61,0.712,-4.329,1.717,2.737,1.163,1074.0,1055.0,1003.0,10.9,10.3,9.3
2018-01-18 18:29:34.914035,-1.605,0.713,-4.332,1.716,2.729,1.157,-1.607,0.712,-4.336,1.716,2.734,1.159,1074.0,1053.0,1002.0,10.9,10.3,9.3
2018-01-18 18:29:35.106046,-1.605,0.712,-4.333,1.716,2.729,1.158,-1.608,0.709,-4.335,1.734,2.747,1.172,1073.0,1052.0,1002.0,10.8,10.4,9.2
2018-01-18 18:29:35.298057,-1.606,0.711,-4.334,1.715,2.73,1.159,-1.609,0.711,-4.338,1.722,2.732,1.159,1072.0,1051.0,1003.0,10.8,10.4,9.2
2018-01-18 18:29:35.490068,-1.607,0.71,-4.331,1.716,2.731,1.16,-1.607,0.703,-4.331,1.723,2.742,1.16,1070.0,1051.0,1003.0,10.8,10.3,9.0
2018-01-18 18:29:35.682079,-1.607,0.709,-4.331,1.717,2.733,1.161,-1.61,0.706,-4.34,1.728,2.735,1.163,1069.0,1050.0,1004.0,10.7,10.1,8.9
2018-01-18 18:29:35.873090,-1.607,0.709,-4.332,1.719,2.733,1.161,-1.612,0.712,-4.338,1.721,2.74,1.168,1068.0,1050.0,1003.0,10.6,9.9,8.8
2018-01-18 18:29:36.065101,-1.608,0.708,-4.333,1.72,2.734,1.162,-1.613,0.703,-4.328,1.725,2.743,1.16,1066.0,1049.0,1002.0,10.6,9.7,8.8
2018-01-18 18:29:36.257112,-1.608,0.708,-4.333,1.722,2.735,1.162,-1.611,0.71,-4.339,1.723,2.741,1.163,1065.0,1048.0,1000.0,10.5,9.6,8.7
2018-01-18 18:29:36.449123,-1.608,0.707,-4.334,1.723,2.735,1.162,-1.61,0.708,-4.338,1.728,2.738,1.168,1063.0,1047.0,999.0,10.5,9.4,8.7
2018-01-18 18:29:36.641134,-1.608,0.707,-4.334,1.723,2.735,1.162,-1.604,0.706,-4.336,1.718,2.738,1.166,1063.0,1047.0,998.0,10.4,9.3,8.7
2018-01-18 18:29:36.833145,-1.609,0.706,-4.335,1.724,2.734,1.163,-1.615,0.705,-4.333,1.729,2.74,1.164,1063.0,1047.0,998.0,10.3,9.2,8.6
2018-01-18 18:29:37.025156,-1.609,0.705,-4.335,1.724,2.734,1.164,-1.613,0.709,-4.336,1.727,2.736,1.165,1063.0,1047.0,997.0,10.3,9.1,8.6
2018-01-18 18:29:37.217167,-1.61,0.705,-4.335,1.724,2.734,1.164,-1.615,0.705,-4.338,1.722,2.729,1.167,1064.0,1047.0,997.0,10.2,9.2,8.6
2018-01-18 18:29:37.409178,-1.611,0.705,-4.335,1.725,2.735,1.165,-1.618,0.704,-4.339,1.72,2.743,1.172,1067.0,1048.0,999.0,10.2,9.2,8.6
2018-01-18 18:29:37.601189,-1.612,0.704,-4.335,1.725,2.736,1.166,-1.614,0.712,-4.339,1.725,2.74,1.172,1070.0,1049.0,1000.0,10.2,9.3,8.7
2018-01-18 18:29:37.793200,-1.613,0.704,-4.335,1.724,2.737,1.167,-1.614,0.701,-4.34,1.727,2.743,1.171,1073.0,1049.0,1001.0,10.2,9.4,8.8
2018-01-18 18:29:37.985211,-1.613,0.704,-4.336,1.724,2.738,1.168,-1.623,0.696,-4.337,1.736,2.748,1.174,1075.0,1049.0,1002.0,10.3,9.5,8.9
2018-01-18 18:29:38.177222,-1.614,0.704,-4.336,1.724,2.738,1.168,-1.62,0.702,-4.348,1.723,2.748,1.173,1077.0,1050.0,1003.0,10.4,9.7,9.0
2018-01-18 18:29:38.369233,-1.614,0.704,-4.337,1.724,2.739,1.168,-1.623,0.709,-4.345,1.725,2.738,1.174,1077.0,1052.0,1003.0,10.6,9.8,9.2
2018-01-18 18:29:38.561244,-1.615,0.704,-4.338,1.725,2.74,1.168,-1.628,0.699,-4.343,1.735,2.741,1.171,1077.0,1054.0,1004.0,10.8,9.9,9.3
2018-01-18 18:29:38.753255,-1.616,0.703,-4.338,1.725,2.74,1.167,-1.623,0.701,-4.29,1.739,2.738,1.107,1078.0,1057.0,1005.0,11.0,10.0,9.5
2018-01-18 18:29:38.945266,-1.617,0.702,-4.338,1.725,2.74,1.166,-1.611,0.699,-4.34,1.725,2.741,1.175,1082.0,1062.0,1008.0,11.3,10.2,9.8
2018-01-18 18:29:39.136277,-1.618,0.701,-4.337,1.725,2.74,1.164,-1.62,0.699,-4.346,1.741,2.741,1.179,1086.0,1067.0,1012.0,11.5,10.5,10.2
2018-01-18 18:29:39.328288,-1.618,0.701,-4.337,1.726,2.74,1.163,-1.62,0.699,-4.349,1.726,2.749,1.171,1089.0,1070.0,1015.0,11.7,10.7,10.4
2018-01-18 18:29:39.520299,-1.618,0.701,-4.337,1.726,2.741,1.164,-1.634,0.697,-4.341,1.738,2.749,1.174,1089.0,1072.0,1016.0,11.8,10.7,10.4
2018-01-18 18:29:39.712310,-1.618,0.701,-4.338,1.727,2.742,1.165,-1.632,0.694,-4.346,1.724,2.745,1.179,1088.0,1071.0,1015.0,11.8,10.7,10.4
2018-01-18 18:29:39.904321,-1.619,0.7,-4.339,1.727,2.743,1.167,-1.623,0.694,-4.343,1.725,2.748,1.152,1085.0,1068.0,1013.0,11.6,10.6,10.2
2018-01-18 18:29:40.112332,-1.619,0.7,-4.341,1.727,2.744,1.17,-1.619,0.695,-4.344,1.729,2.751,1.175,1082.0,1065.0,1010.0,11.5,10.5,10.0
2018-01-18 18:29:40.304343,-1.62,0.7,-4.342,1.727,2.744,1.171,-1.626,0.693,-4.342,1.742,2.749,1.168,1078.0,1061.0,1008.0,11.4,10.5,9.9
2018-01-18 18:29:40.496354,-1.621,0.7,-4.343,1.727,2.745,1.173,-1.628,0.695,-4.349,1.739,2.755,1.181,1076.0,1059.0,1006.0,11.4,10.5,9.8
2018-01-18 18:29:40.688365,-1.622,0.699,-4.344,1.728,2.745,1.174,-1.626,0.689,-4.344,1.735,2.753,1.177,1075.0,1057.0,1005.0,11.4,10.5,9.7
2018-01-18 18:29:40.880376,-1.623,0.698,-4.345,1.729,2.745,1.175,-1.629,0.69,-4.349,1.748,2.762,1.178,1073.0,1056.0,1003.0,11.3,10.4,9.6
2018-01-18 18:29:41.072387,-1.627,0.697,-4.346,1.734,2.745,1.176,-1.631,0.702,-4.35,1.741,2.755,1.185,1072.0,1055.0,1001.0,11.2,10.2,9.4
2018-01-18 18:29:41.264398,-1.627,0.697,-4.346,1.736,2.746,1.176,-1.626,0.689,-4.355,1.746,2.755,1.181,1072.0,1054.0,999.0,10.9,10.1,9.2
2018-01-18 18:29:41.456409,-1.627,0.696,-4.346,1.738,2.747,1.176,-1.627,0.686,-4.361,1.736,2.751,1.193,1072.0,1052.0,998.0,10.6,9.8,9.0
2018-01-18 18:29:41.648420,-1.627,0.695,-4.347,1.741,2.749,1.177,-1.639,0.695,-4.351,1.743,2.755,1.188,1071.0,1050.0,997.0,10.4,9.6,8.8
2018-01-18 18:29:41.840431,-1.627,0.695,-4.347,1.743,2.75,1.177,-1.621,0.697,-4.347,1.753,2.753,1.175,1070.0,1048.0,997.0,10.3,9.5,8.6
2018-01-18 18:29:42.032442,-1.627,0.695,-4.348,1.744,2.752,1.178,-1.632,0.692,-4.349,1.742,2.757,1.191,1070.0,1045.0,997.0,10.2,9.5,8.4
2018-01-18 18:29:42.223453,-1.628,0.694,-4.349,1.745,2.754,1.178,-1.635,0.686,-4.357,1.743,2.754,1.176,1069.0,1043.0,996.0,10.1,9.5,8.4
2018-01-18 18:29:42.416464,-1.628,0.694,-4.349,1.746,2.755,1.179,-1.631,0.691,-4.346,1.74,2.758,1.179,1069.0,1043.0,997.0,10.1,9.6,8.4
2018-01-18 18:29:42.608475,-1.629,0.693,-4.35,1.746,2.756,1.18,-1.63,0.696,-4.358,1.746,2.76,1.182,1070.0,1043.0,997.0,10.3,9.7,8.6
2018-01-18 18:29:42.799486,-1.629,0.692,-4.35,1.746,2.756,1.181,-1.629,0.69,-4.365,1.754,2.76,1.189,1070.0,1045.0,998.0,10.5,9.8,8.7
2018-01-18 18:29:42.992497,-1.63,0.692,-4.35,1.746,2.756,1.182,-1.622,0.69,-4.355,1.751,2.761,1.184,1070.0,1046.0,999.0,10.6,9.8,8.8
2018-01-18 18:29:43.183508,-1.63,0.692,-4.355,1.746,2.757,1.183,-1.633,0.684,-4.358,1.74,2.767,1.173,1070.0,1048.0,999.0,10.6,9.8,8.8
2018-01-18 18:29:43.375519,-1.63,0.691,-4.355,1.746,2.757,1.183,-1.631,0.688,-4.348,1.751,2.76,1.181,1071.0,1049.0,1000.0,10.6,9.8,8.8
2018-01-18 18:29:43.567530,-1.63,0.691,-4.356,1.747,2.757,1.183,-1.638,0.684,-4.35,1.741,2.75,1.178,1073.0,1051.0,1001.0,10.6,9.8,8.9
2018-01-18 18:29:43.759541,-1.63,0.691,-4.356,1.747,2.758,1.183,-1.633,0.681,-4.35,1.748,2.761,1.185,1076.0,1053.0,1002.0,10.6,9.8,8.9
2018-01-18 18:29:43.951552,-1.631,0.691,-4.356,1.747,2.758,1.183,-1.639,0.674,-4.356,1.744,2.764,1.191,1078.0,1055.0,1002.0,10.7,9.8,9.0
2018-01-18 18:29:44.143563,-1.632,0.691,-4.357,1.748,2.759,1.183,-1.63,0.681,-4.362,1.749,2.763,1.182,1079.0,1056.0,1002.0,10.7,9.8,9.1
2018-01-18 18:29:44.335574,-1.633,0.69,-4.357,1.749,2.76,1.184,-1.638,0.694,-4.359,1.744,2.765,1.192,1080.0,1055.0,1002.0,10.8,9.8,9.1
2018-01-18 18:29:44.527585,-1.634,0.689,-4.358,1.75,2.76,1.184,-1.634,0.691,-4.364,1.746,2.768,1.188,1079.0,1055.0,1002.0,10.9,9.9,9.2
2018-01-18 18:29:44.719596,-1.634,0.688,-4.358,1.751,2.76,1.185,-1.636,0.684,-4.356,1.764,2.762,1.188,1079.0,1056.0,1002.0,11.0,9.9,9.2
2018-01-18 18:29:44.911607,-1.635,0.688,-4.359,1.751,2.761,1.185,-1.635,0.686,-4.365,1.755,2.763,1.185,1077.0,1056.0,1002.0,11.1,9.9,9.3
2018-01-18 18:29:45.103618,-1.635,0.687,-4.36,1.752,2.761,1.186,-1.638,0.682,-4.362,1.752,2.768,1.179,1074.0,1056.0,1002.0,11.2,9.8,9.2
2018-01-18 18:29:45.295629,-1.636,0.686,-4.361,1.752,2.762,1.187,-1.646,0.687,-4.365,1.744,2.77,1.185,1072.0,1056.0,1001.0,11.1,9.7,9.2
2018-01-18 18:29:45.487640,-1.636,0.685,-4.361,1.753,2.763,1.187,-1.637,0.689,-4.37,1.751,2.767,1.189,1072.0,1055.0,1001.0,11.1,9.7,9.1
2018-01-18 18:29:45.679651,-1.637,0.684,-4.362,1.754,2.764,1.189,-1.639,0.685,-4.372,1.752,2.764,1.191,1071.0,1056.0,1003.0,11.0,9.7,9.1
2018-01-18 18:29:45.871662,-1.637,0.684,-4.363,1.754,2.765,1.189,-1.631,0.682,-4.363,1.758,2.768,1.196,1071.0,1056.0,1003.0,11.0,9.7,9.0
2018-01-18 18:29:46.063673,-1.638,0.683,-4.364,1.755,2.765,1.19,-1.638,0.686,-4.364,1.754,2.76,1.191,1071.0,1055.0,1003.0,10.9,9.6,8.9
2018-01-18 18:29:46.254684,-1.638,0.683,-4.365,1.756,2.766,1.191,-1.635,0.682,-4.367,1.753,2.773,1.196,1070.0,1053.0,1002.0,10.6,9.4,8.7
2018-01-18 18:29:46.446695,-1.635,0.682,-4.365,1.753,2.766,1.191,-1.636,0.683,-4.369,1.754,2.767,1.187,1069.0,1051.0,999.0,10.4,9.3,8.5
2018-01-18 18:29:46.638706,-1.638,0.682,-4.366,1.757,2.766,1.191,-1.637,0.682,-4.365,1.755,2.777,1.194,1066.0,1048.0,996.0,10.1,9.1,8.4
2018-01-18 18:29:46.830717,-1.638,0.682,-4.366,1.758,2.767,1.192,-1.636,0.681,-4.369,1.759,2.774,1.19,1063.0,1045.0,993.0,9.9,9.0,8.3
2018-01-18 18:29:47.022728,-1.638,0.681,-4.367,1.759,2.767,1.192,-1.635,0.68,-4.37,1.771,2.773,1.197,1060.0,1042.0,990.0,9.7,8.9,8.2
2018-01-18 18:29:47.214739,-1.638,0.681,-4.367,1.76,2.767,1.193,-1.637,0.678,-4.373,1.761,2.772,1.193,1058.0,1039.0,988.0,9.6,9.0,8.2
2018-01-18 18:29:47.406750,-1.638,0.681,-4.368,1.76,2.768,1.194,-1.638,0.677,-4.361,1.762,2.779,1.202,1059.0,1038.0,989.0,9.5,9.1,8.2
2018-01-18 18:29:47.598761,-1.635,0.681,-4.368,1.757,2.769,1.195,-1.64,0.681,-4.373,1.762,2.774,1.196,1060.0,1038.0,990.0,9.6,9.2,8.3
2018-01-18 18:29:47.790772,-1.635,0.68,-4.368,1.758,2.77,1.196,-1.641,0.673,-4.367,1.756,2.774,1.192,1062.0,1040.0,991.0,9.6,9.3,8.4
2018-01-18 18:29:47.982783,-1.636,0.68,-4.368,1.759,2.771,1.196,-1.635,0.68,-4.369,1.76,2.77,1.202,1064.0,1042.0,992.0,9.7,9.4,8.5
2018-01-18 18:29:48.174794,-1.639,0.679,-4.369,1.762,2.772,1.197,-1.639,0.681,-4.368,1.763,2.777,1.204,1065.0,1043.0,992.0,9.9,9.4,8.6
2018-01-18 18:29:48.366805,-1.641,0.678,-4.369,1.764,2.772,1.197,-1.65,0.668,-4.372,1.757,2.775,1.2,1067.0,1045.0,993.0,9.9,9.4,8.7
2018-01-18 18:29:48.558816,-1.643,0.678,-4.37,1.765,2.773,1.197,-1.635,0.673,-4.375,1.763,2.772,1.189,1069.0,1048.0,994.0,9.9,9.4,8.7
2018-01-18 18:29:48.750827,-1.644,0.677,-4.371,1.765,2.774,1.197,-1.642,0.672,-4.381,1.765,2.786,1.205,1071.0,1050.0,994.0,9.9,9.3,8.8
2018-01-18 18:29:48.942838,-1.645,0.676,-4.372,1.765,2.774,1.197,-1.647,0.672,-4.371,1.771,2.783,1.205,1072.0,1052.0,994.0,10.0,9.3,8.8
2018-01-18 18:29:49.134849,-1.645,0.675,-4.373,1.764,2.775,1.197,-1.645,0.673,-4.383,1.764,2.774,1.204,1072.0,1053.0,994.0,10.1,9.3,8.9
2018-01-18 18:29:49.326860,-1.644,0.675,-4.374,1.763,2.775,1.198,-1.642,0.67,-4.38,1.762,2.784,1.203,1071.0,1053.0,995.0,10.2,9.3,8.9
2018-01-18 18:29:49.518870,-1.644,0.674,-4.374,1.762,2.775,1.198,-1.647,0.665,-4.381,1.765,2.782,1.211,1070.0,1052.0,994.0,10.3,9.3,8.9
2018-01-18 18:29:49.710881,-1.643,0.673,-4.375,1.761,2.776,1.199,-1.65,0.666,-4.379,1.775,2.776,1.208,1069.0,1051.0,994.0,10.2,9.4,8.9
2018-01-18 18:29:49.902892,-1.643,0.673,-4.376,1.761,2.776,1.2,-1.644,0.665,-4.382,1.77,2.777,1.206,1068.0,1050.0,993.0,10.2,9.3,8.9
2018-01-18 18:29:50.093903,-1.644,0.672,-4.377,1.762,2.776,1.201,-1.649,0.666,-4.374,1.765,2.786,1.209,1067.0,1048.0,992.0,10.1,9.3,8.8
2018-01-18 18:29:50.285914,-1.644,0.672,-4.377,1.763,2.776,1.201,-1.644,0.674,-4.381,1.77,2.773,1.199,1066.0,1046.0,991.0,10.1,9.2,8.7
2018-01-18 18:29:50.477925,-1.644,0.671,-4.378,1.764,2.776,1.202,-1.646,0.674,-4.381,1.763,2.779,1.199,1066.0,1044.0,990.0,9.9,9.2,8.6
2018-01-18 18:29:50.669936,-1.644,0.671,-4.378,1.765,2.777,1.202,-1.647,0.668,-4.384,1.774,2.78,1.21,1067.0,1041.0,989.0,9.8,9.2,8.5
2018-01-18 18:29:50.861947,-1.645,0.67,-4.379,1.766,2.777,1.203,-1.651,0.67,-4.378,1.771,2.783,1.204,1066.0,1039.0,987.0,9.7,9.2,8.5
2018-01-18 18:29:51.053958,-1.646,0.67,-4.379,1.767,2.778,1.203,-1.652,0.669,-4.382,1.772,2.789,1.216,1064.0,1036.0,986.0,9.6,9.1,8.3
2018-01-18 18:29:51.245969,-1.647,0.669,-4.38,1.768,2.779,1.204,-1.647,0.663,-4.383,1.773,2.772,1.206,1060.0,1034.0,983.0,9.5,8.9,8.2
2018-01-18 18:29:51.437980,-1.648,0.669,-4.38,1.768,2.779,1.205,-1.65,0.665,-4.384,1.766,2.791,1.209,1057.0,1031.0,982.0,9.4,8.7,8.0
2018-01-18 18:29:51.629991,-1.649,0.669,-4.381,1.768,2.78,1.206,-1.662,0.671,-4.383,1.771,2.782,1.207,1054.0,1030.0,981.0,9.4,8.7,7.9
2018-01-18 18:29:51.822002,-1.65,0.668,-4.381,1.769,2.781,1.207,-1.654,0.669,-4.379,1.768,2.781,1.208,1053.0,1030.0,982.0,9.4,8.7,7.9
2018-01-18 18:29:52.014013,-1.651,0.667,-4.381,1.771,2.781,1.207,-1.663,0.666,-4.382,1.776,2.782,1.212,1054.0,1032.0,986.0,9.6,8.9,8.0
2018-01-18 18:29:52.206024,-1.652,0.666,-4.381,1.773,2.78,1.207,-1.657,0.663,-4.379,1.778,2.778,1.206,1059.0,1038.0,991.0,10.0,9.3,8.4
2018-01-18 18:29:52.398035,-1.653,0.665,-4.381,1.775,2.779,1.206,-1.653,0.659,-4.384,1.773,2.788,1.211,1065.0,1046.0,996.0,10.4,9.7,8.7
2018-01-18 18:29:52.590046,-1.654,0.665,-4.38,1.775,2.778,1.206,-1.653,0.662,-4.383,1.772,2.787,1.203,1073.0,1052.0,1004.0,10.9,10.1,9.2
2018-01-18 18:29:52.782057,-1.655,0.664,-4.38,1.775,2.779,1.206,-1.658,0.661,-4.383,1.769,2.782,1.212,1079.0,1057.0,1009.0,11.4,10.5,9.5
2018-01-18 18:29:52.974068,-1.656,0.664,-4.38,1.774,2.779,1.206,-1.664,0.664,-4.378,1.777,2.782,1.214,1084.0,1062.0,1013.0,11.6,10.8,9.8
2018-01-18 18:29:53.166079,-1.657,0.663,-4.381,1.773,2.78,1.206,-1.655,0.663,-4.384,1.767,2.776,1.211,1089.0,1064.0,1016.0,11.7,11.0,9.9
2018-01-18 18:29:53.358090,-1.658,0.663,-4.381,1.773,2.781,1.205,-1.66,0.659,-4.387,1.769,2.787,1.217,1091.0,1066.0,1018.0,11.7,11.1,10.0
2018-01-18 18:29:53.549101,-1.659,0.662,-4.382,1.772,2.782,1.206,-1.667,0.66,-4.387,1.766,2.789,1.211,1092.0,1065.0,1017.0,11.6,11.1,10.0
2018-01-18 18:29:53.741112,-1.659,0.661,-4.382,1.771,2.783,1.206,-1.659,0.668,-4.383,1.774,2.788,1.204,1093.0,1064.0,1015.0,11.5,11.0,10.0
2018-01-18 18:29:53.933123,-1.659,0.661,-4.383,1.771,2.784,1.207,-1.661,0.656,-4.389,1.776,2.787,1.212,1094.0,1064.0,1014.0,11.5,10.9,10.0
2018-01-18 18:29:54.125134,-1.66,0.66,-4.383,1.771,2.784,1.208,-1.664,0.658,-4.386,1.767,2.79,1.208,1096.0,1065.0,1013.0,11.6,10.8,10.0
2018-01-18 18:29:54.317145,-1.661,0.66,-4.384,1.771,2.784,1.209,-1.668,0.657,-4.388,1.779,2.791,1.213,1097.0,1066.0,1013.0,11.8,10.7,10.0
2018-01-18 18:29:54.509156,-1.661,0.659,-4.384,1.771,2.783,1.209,-1.664,0.656,-4.377,1.774,2.787,1.208,1098.0,1068.0,1015.0,12.1,10.8,10.0
2018-01-18 18:29:54.701167,-1.662,0.659,-4.384,1.771,2.783,1.209,-1.667,0.655,-4.389,1.787,2.79,1.209,1098.0,1071.0,1017.0,12.4,10.9,10.0
2018-01-18 18:29:54.893178,-1.663,0.658,-4.384,1.771,2.783,1.208,-1.672,0.655,-4.387,1.775,2.788,1.219,1099.0,1075.0,1021.0,12.6,11.1,10.2
2018-01-18 18:29:55.085189,-1.664,0.658,-4.384,1.771,2.784,1.208,-1.669,0.662,-4.399,1.773,2.8,1.215,1101.0,1079.0,1025.0,12.8,11.3,10.4
2018-01-18 18:29:55.277200,-1.665,0.657,-4.384,1.771,2.785,1.208,-1.67,0.657,-4.382,1.773,2.795,1.21,1104.0,1083.0,1027.0,12.8,11.4,10.6
2018-01-18 18:29:55.469211,-1.666,0.657,-4.385,1.772,2.786,1.208,-1.659,0.649,-4.391,1.779,2.799,1.216,1107.0,1085.0,1028.0,12.7,11.4,10.8
2018-01-18 18:29:55.661222,-1.667,0.657,-4.386,1.774,2.787,1.21,-1.663,0.653,-4.391,1.776,2.788,1.216,1106.0,1084.0,1026.0,12.5,11.3,10.7
2018-01-18 18:29:55.853233,-1.667,0.657,-4.388,1.775,2.788,1.211,-1.668,0.657,-4.391,1.777,2.791,1.208,1102.0,1079.0,1023.0,12.1,11.0,10.6
2018-01-18 18:29:56.045244,-1.667,0.656,-4.389,1.776,2.789,1.213,-1.661,0.656,-4.389,1.774,2.793,1.221,1097.0,1073.0,1018.0,11.8,10.7,10.3
2018-01-18 18:29:56.237255,-1.667,0.656,-4.39,1.777,2.791,1.215,-1.669,0.647,-4.392,1.776,2.797,1.227,1090.0,1068.0,1013.0,11.5,10.5,9.9
2018-01-18 18:29:56.429266,-1.667,0.656,-4.391,1.778,2.792,1.216,-1.667,0.653,-4.397,1.79,2.796,1.232,1085.0,1062.0,1010.0,11.2,10.2,9.6
2018-01-18 18:29:56.621277,-1.666,0.655,-4.392,1.779,2.793,1.218,-1.671,0.655,-4.397,1.78,2.802,1.22,1081.0,1056.0,1007.0,10.9,10.1,9.2
2018-01-18 18:29:56.812288,-1.666,0.654,-4.393,1.78,2.794,1.219,-1.663,0.651,-4.395,1.782,2.805,1.226,1076.0,1050.0,1003.0,10.5,9.8,8.9
2018-01-18 18:29:57.004299,-1.666,0.653,-4.394,1.781,2.794,1.22,-1.658,0.655,-4.4,1.789,2.796,1.227,1071.0,1045.0,999.0,10.2,9.5,8.5
2018-01-18 18:29:57.196310,-1.665,0.652,-4.395,1.783,2.795,1.221,-1.667,0.643,-4.395,1.791,2.799,1.226,1067.0,1041.0,995.0,9.8,9.2,8.2
2018-01-18 18:29:57.388321,-1.665,0.651,-4.396,1.784,2.796,1.222,-1.666,0.653,-4.397,1.784,2.804,1.223,1063.0,1038.0,992.0,9.6,9.0,8.0
2018-01-18 18:29:57.580332,-1.664,0.651,-4.397,1.785,2.797,1.223,-1.667,0.659,-4.401,1.786,2.8,1.231,1059.0,1036.0,990.0,9.4,8.7,7.8
2018-01-18 18:29:57.772343,-1.664,0.65,-4.398,1.786,2.798,1.223,-1.669,0.65,-4.402,1.776,2.804,1.229,1056.0,1037.0,989.0,9.4,8.6,7.7
2018-01-18 18:29:57.964354,-1.665,0.65,-4.398,1.786,2.799,1.224,-1.677,0.647,-4.396,1.791,2.808,1.223,1056.0,1039.0,990.0,9.5,8.6,7.8
2018-01-18 18:29:58.156365,-1.665,0.65,-4.399,1.787,2.8,1.224,-1.674,0.643,-4.399,1.791,2.808,1.228,1056.0,1042.0,991.0,9.7,8.7,8.0
2018-01-18 18:29:58.348376,-1.666,0.65,-4.4,1.788,2.801,1.224,-1.669,0.647,-4.401,1.79,2.795,1.222,1059.0,1044.0,993.0,9.9,8.9,8.2
2018-01-18 18:29:58.540386,-1.667,0.65,-4.4,1.789,2.801,1.224,-1.673,0.648,-4.399,1.779,2.801,1.229,1062.0,1048.0,995.0,10.0,9.1,8.5
2018-01-18 18:29:58.732397,-1.668,0.649,-4.399,1.79,2.801,1.224,-1.667,0.649,-4.404,1.79,2.798,1.226,1067.0,1051.0,998.0,10.1,9.3,8.7
2018-01-18 18:29:58.924408,-1.669,0.649,-4.399,1.79,2.8,1.223,-1.671,0.645,-4.406,1.791,2.812,1.225,1070.0,1053.0,1000.0,10.1,9.5,8.9
2018-01-18 18:29:59.116419,-1.669,0.648,-4.399,1.791,2.801,1.223,-1.674,0.646,-4.404,1.798,2.805,1.231,1072.0,1053.0,1001.0,10.1,9.7,8.9
2018-01-18 18:29:59.308430,-1.669,0.647,-4.4,1.791,2.801,1.223,-1.676,0.649,-4.407,1.794,2.809,1.229,1071.0,1051.0,1000.0,10.1,9.7,8.9
2018-01-18 18:29:59.500441,-1.669,0.646,-4.401,1.792,2.802,1.224,-1.667,0.654,-4.404,1.8,2.8,1.222,1069.0,1048.0,997.0,9.9,9.6,8.7
2018-01-18 18:29:59.692452,-1.668,0.646,-4.402,1.793,2.803,1.224,-1.669,0.646,-4.411,1.795,2.813,1.234,1067.0,1046.0,994.0,9.7,9.3,8.5
2018-01-18 18:29:59.884463,-1.669,0.646,-4.403,1.794,2.804,1.225,-1.673,0.646,-4.407,1.792,2.811,1.238,1063.0,1044.0,991.0,9.4,9.1,8.3
2018-01-18 18:30:00.076474,-1.669,0.646,-4.404,1.795,2.806,1.227,-1.671,0.639,-4.41,1.797,2.818,1.236,1059.0,1041.0,988.0,9.3,8.9,8.1
2018-01-18 18:30:00.268485,-1.67,0.645,-4.404,1.795,2.806,1.229,-1.677,0.645,-4.396,1.798,2.806,1.234,1055.0,1039.0,986.0,9.2,8.7,8.0
2018-01-18 18:30:00.460496,-1.67,0.645,-4.405,1.796,2.807,1.232,-1.675,0.64,-4.405,1.79,2.81,1.234,1052.0,1038.0,985.0,9.3,8.5,8.0
2018-01-18 18:30:00.652507,-1.671,0.644,-4.405,1.797,2.808,1.235,-1.674,0.641,-4.405,1.798,2.8,1.238,1049.0,1038.0,985.0,9.4,8.4,7.9
2018-01-18 18:30:00.843518,-1.672,0.644,-4.405,1.798,2.809,1.236,-1.672,0.645,-4.411,1.797,2.812,1.234,1049.0,1039.0,986.0,9.5,8.4,7.9
2018-01-18 18:30:01.035529,-1.673,0.643,-4.405,1.798,2.81,1.236,-1.674,0.642,-4.414,1.798,2.814,1.24,1050.0,1040.0,988.0,9.6,8.5,7.9
2018-01-18 18:30:01.227540,-1.674,0.643,-4.406,1.799,2.81,1.236,-1.678,0.637,-4.409,1.804,2.82,1.241,1052.0,1040.0,989.0,9.6,8.6,8.0
2018-01-18 18:30:01.419551,-1.675,0.642,-4.407,1.799,2.811,1.235,-1.679,0.638,-4.403,1.791,2.802,1.246,1053.0,1040.0,989.0,9.7,8.8,8.0
2018-01-18 18:30:01.611562,-1.675,0.642,-4.408,1.799,2.812,1.235,-1.683,0.637,-4.406,1.803,2.814,1.234,1054.0,1040.0,989.0,9.7,8.9,8.1
2018-01-18 18:30:01.803573,-1.675,0.641,-4.409,1.8,2.813,1.235,-1.679,0.641,-4.404,1.8,2.806,1.235,1055.0,1040.0,989.0,9.7,8.9,8.1
2018-01-18 18:30:01.995584,-1.676,0.641,-4.41,1.8,2.814,1.236,-1.675,0.632,-4.407,1.795,2.813,1.232,1056.0,1040.0,989.0,9.6,8.9,8.2
2018-01-18 18:30:02.187595,-1.676,0.64,-4.411,1.801,2.815,1.236,-1.681,0.651,-4.411,1.81,2.808,1.24,1056.0,1041.0,990.0,9.5,8.9,8.2
2018-01-18 18:30:02.379606,-1.676,0.64,-4.411,1.801,2.815,1.236,-1.685,0.632,-4.404,1.809,2.81,1.235,1057.0,1043.0,991.0,9.6,9.0,8.2
2018-01-18 18:30:02.571617,-1.677,0.639,-4.411,1.802,2.815,1.236,-1.681,0.644,-4.414,1.8,2.813,1.234,1057.0,1043.0,993.0,9.7,9.1,8.2
2018-01-18 18:30:02.763628,-1.677,0.639,-4.411,1.803,2.815,1.236,-1.68,0.637,-4.414,1.814,2.812,1.24,1058.0,1042.0,995.0,9.8,9.2,8.3
2018-01-18 18:30:02.955639,-1.678,0.639,-4.411,1.803,2.815,1.236,-1.681,0.633,-4.415,1.804,2.823,1.247,1058.0,1040.0,995.0,9.8,9.4,8.3
2018-01-18 18:30:03.147650,-1.678,0.638,-4.412,1.803,2.814,1.236,-1.678,0.63,-4.421,1.796,2.816,1.241,1058.0,1039.0,995.0,9.8,9.4,8.3
2018-01-18 18:30:03.339661,-1.679,0.637,-4.412,1.804,2.815,1.236,-1.688,0.637,-4.418,1.795,2.822,1.236,1057.0,1037.0,993.0,9.8,9.4,8.3
2018-01-18 18:30:03.531672,-1.68,0.637,-4.413,1.804,2.815,1.236,-1.686,0.636,-4.414,1.813,2.821,1.244,1057.0,1035.0,990.0,9.6,9.4,8.3
2018-01-18 18:30:03.723683,-1.681,0.636,-4.414,1.803,2.816,1.236,-1.687,0.632,-4.415,1.821,2.818,1.238,1058.0,1033.0,988.0,9.3,9.3,8.3
2018-01-18 18:30:03.915694,-1.683,0.635,-4.415,1.801,2.817,1.237,-1.682,0.64,-4.413,1.806,2.827,1.231,1058.0,1031.0,986.0,9.1,9.2,8.3
2018-01-18 18:30:04.106705,-1.684,0.634,-4.416,1.8,2.817,1.238,-1.691,0.631,-4.41,1.8,2.819,1.242,1058.0,1031.0,986.0,9.0,9.2,8.2
2018-01-18 18:30:04.298716,-1.685,0.633,-4.416,1.799,2.818,1.238,-1.686,0.628,-4.421,1.815,2.826,1.237,1058.0,1032.0,987.0,9.0,9.2,8.2
2018-01-18 18:30:04.491727,-1.686,0.633,-4.416,1.8,2.819,1.239,-1.681,0.628,-4.422,1.812,2.818,1.242,1058.0,1034.0,990.0,9.1,9.2,8.1
2018-01-18 18:30:04.682738,-1.686,0.632,-4.416,1.801,2.819,1.239,-1.696,0.628,-4.424,1.809,2.823,1.244,1058.0,1035.0,993.0,9.3,9.3,8.0
2018-01-18 18:30:04.874749,-1.687,0.632,-4.416,1.803,2.82,1.239,-1.68,0.625,-4.42,1.814,2.825,1.239,1058.0,1036.0,994.0,9.5,9.4,8.0
2018-01-18 18:30:05.066760,-1.687,0.631,-4.416,1.806,2.82,1.24,-1.688,0.636,-4.414,1.819,2.821,1.244,1058.0,1037.0,995.0,9.7,9.4,8.1
2018-01-18 18:30:05.258771,-1.687,0.63,-4.417,1.808,2.82,1.241,-1.678,0.631,-4.423,1.815,2.819,1.249,1057.0,1037.0,995.0,9.8,9.5,8.2
2018-01-18 18:30:05.450782,-1.686,0.63,-4.419,1.81,2.82,1.241,-1.695,0.631,-4.414,1.816,2.827,1.247,1057.0,1037.0,995.0,9.9,9.5,8.2
2018-01-18 18:30:05.642793,-1.686,0.629,-4.42,1.812,2.821,1.242,-1.684,0.624,-4.419,1.813,2.82,1.252,1056.0,1038.0,995.0,9.9,9.4,8.3
2018-01-18 18:30:05.834804,-1.686,0.628,-4.421,1.813,2.821,1.243,-1.687,0.627,-4.418,1.811,2.819,1.25,1057.0,1040.0,995.0,9.9,9.4,8.3
2018-01-18 18:30:06.026815,-1.686,0.628,-4.421,1.813,2.822,1.244,-1.697,0.628,-4.422,1.817,2.826,1.242,1059.0,1042.0,995.0,9.8,9.2,8.4
2018-01-18 18:30:06.218826,-1.687,0.628,-4.422,1.813,2.822,1.245,-1.695,0.624,-4.419,1.816,2.826,1.243,1061.0,1045.0,995.0,9.7,9.1,8.4
2018-01-18 18:30:06.410837,-1.688,0.627,-4.422,1.812,2.823,1.246,-1.689,0.628,-4.422,1.823,2.831,1.242,1063.0,1047.0,996.0,9.6,9.0,8.4
2018-01-18 18:30:06.602848,-1.688,0.627,-4.422,1.812,2.823,1.246,-1.692,0.623,-4.424,1.818,2.827,1.251,1065.0,1048.0,996.0,9.5,9.0,8.4
2018-01-18 18:30:06.794859,-1.689,0.627,-4.422,1.813,2.824,1.246,-1.695,0.627,-4.424,1.822,2.827,1.256,1066.0,1048.0,996.0,9.5,9.0,8.4
2018-01-18 18:30:06.986870,-1.69,0.626,-4.422,1.814,2.825,1.245,-1.698,0.624,-4.423,1.815,2.832,1.249,1067.0,1046.0,995.0,9.5,9.2,8.4
2018-01-18 18:30:07.178881,-1.69,0.625,-4.422,1.814,2.825,1.245,-1.694,0.632,-4.422,1.818,2.821,1.253,1066.0,1044.0,995.0,9.5,9.2,8.4
2018-01-18 18:30:07.370892,-1.691,0.624,-4.422,1.815,2.826,1.246,-1.703,0.62,-4.423,1.824,2.834,1.249,1065.0,1043.0,995.0,9.6,9.2,8.4
2018-01-18 18:30:07.561902,-1.691,0.623,-4.423,1.816,2.827,1.246,-1.694,0.624,-4.431,1.824,2.831,1.252,1063.0,1042.0,994.0,9.7,9.3,8.4
2018-01-18 18:30:07.754914,-1.691,0.623,-4.423,1.817,2.827,1.247,-1.698,0.62,-4.424,1.821,2.828,1.253,1062.0,1041.0,993.0,9.7,9.3,8.4
2018-01-18 18:30:07.945924,-1.692,0.622,-4.424,1.817,2.828,1.248,-1.698,0.624,-4.43,1.821,2.837,1.257,1060.0,1040.0,992.0,9.8,9.3,8.4
2018-01-18 18:30:08.137935,-1.692,0.622,-4.424,1.818,2.828,1.249,-1.696,0.625,-4.433,1.825,2.825,1.255,1058.0,1038.0,991.0,9.8,9.3,8.3
2018-01-18 18:30:08.329946,-1.693,0.621,-4.425,1.818,2.829,1.249,-1.699,0.624,-4.429,1.823,2.832,1.252,1056.0,1037.0,991.0,9.8,9.3,8.2
2018-01-18 18:30:08.521957,-1.693,0.621,-4.425,1.818,2.83,1.249,-1.698,0.619,-4.427,1.825,2.84,1.25,1054.0,1036.0,991.0,9.8,9.3,8.1
2018-01-18 18:30:08.713968,-1.693,0.621,-4.426,1.818,2.83,1.249,-1.705,0.615,-4.424,1.827,2.832,1.253,1054.0,1036.0,992.0,9.7,9.3,8.1
2018-01-18 18:30:08.905979,-1.694,0.62,-4.427,1.819,2.831,1.249,-1.699,0.628,-4.431,1.831,2.829,1.255,1054.0,1036.0,991.0,9.6,9.3,8.1
2018-01-18 18:30:09.097990,-1.695,0.62,-4.428,1.82,2.831,1.25,-1.7,0.619,-4.431,1.827,2.835,1.267,1055.0,1037.0,991.0,9.4,9.3,8.2
2018-01-18 18:30:09.290001,-1.696,0.62,-4.428,1.821,2.831,1.25,-1.694,0.622,-4.432,1.823,2.832,1.257,1056.0,1038.0,991.0,9.3,9.3,8.3
2018-01-18 18:30:09.482012,-1.697,0.619,-4.429,1.822,2.831,1.251,-1.701,0.617,-4.426,1.826,2.835,1.258,1057.0,1039.0,991.0,9.2,9.3,8.4
2018-01-18 18:30:09.674023,-1.698,0.619,-4.429,1.823,2.832,1.252,-1.702,0.618,-4.439,1.815,2.835,1.256,1056.0,1039.0,991.0,9.2,9.3,8.4
2018-01-18 18:30:09.866034,-1.699,0.618,-4.43,1.824,2.832,1.253,-1.702,0.614,-4.426,1.832,2.84,1.249,1054.0,1037.0,990.0,9.2,9.3,8.4
2018-01-18 18:30:10.058045,-1.7,0.617,-4.43,1.825,2.832,1.254,-1.703,0.614,-4.437,1.821,2.837,1.263,1051.0,1035.0,988.0,9.1,9.2,8.3
2018-01-18 18:30:10.282058,-1.701,0.615,-4.431,1.826,2.833,1.255,-1.698,0.614,-4.429,1.831,2.846,1.264,1047.0,1032.0,985.0,9.0,9.0,8.1
2018-01-18 18:30:10.474069,-1.701,0.614,-4.432,1.826,2.835,1.256,-1.702,0.615,-4.426,1.832,2.84,1.263,1046.0,1032.0,984.0,8.9,8.9,8.0
2018-01-18 18:30:10.666080,-1.701,0.613,-4.432,1.827,2.836,1.257,-1.699,0.612,-4.429,1.831,2.848,1.252,1046.0,1032.0,983.0,8.9,8.8,8.0
2018-01-18 18:30:10.858091,-1.701,0.613,-4.433,1.827,2.837,1.257,-1.707,0.616,-4.437,1.823,2.834,1.268,1047.0,1033.0,984.0,9.0,8.8,8.1
2018-01-18 18:30:11.050102,-1.702,0.612,-4.434,1.828,2.838,1.257,-1.707,0.604,-4.432,1.829,2.839,1.269,1048.0,1035.0,985.0,9.1,8.9,8.2
2018-01-18 18:30:11.241113,-1.703,0.612,-4.434,1.828,2.838,1.257,-1.707,0.615,-4.439,1.824,2.845,1.266,1049.0,1037.0,986.0,9.2,9.1,8.3
2018-01-18 18:30:11.433124,-1.704,0.613,-4.435,1.828,2.838,1.258,-1.708,0.617,-4.436,1.825,2.833,1.263,1050.0,1039.0,987.0,9.3,9.2,8.4
2018-01-18 18:30:11.625135,-1.706,0.613,-4.435,1.828,2.839,1.259,-1.703,0.617,-4.437,1.832,2.844,1.266,1050.0,1039.0,987.0,9.3,9.2,8.5
2018-01-18 18:30:11.817146,-1.707,0.613,-4.436,1.828,2.839,1.26,-1.705,0.609,-4.439,1.833,2.844,1.259,1050.0,1039.0,988.0,9.2,9.1,8.4
2018-01-18 18:30:12.009157,-1.707,0.612,-4.436,1.829,2.839,1.261,-1.712,0.613,-4.438,1.832,2.841,1.264,1048.0,1039.0,988.0,9.2,9.0,8.3
2018-01-18 18:30:12.201168,-1.708,0.612,-4.436,1.829,2.84,1.262,-1.705,0.613,-4.446,1.839,2.841,1.272,1047.0,1039.0,988.0,9.1,8.8,8.2
2018-01-18 18:30:12.393179,-1.709,0.611,-4.436,1.83,2.84,1.262,-1.707,0.609,-4.442,1.835,2.849,1.267,1046.0,1039.0,987.0,9.1,8.7,8.1
2018-01-18 18:30:12.585190,-1.709,0.611,-4.437,1.83,2.84,1.262,-1.716,0.604,-4.436,1.833,2.839,1.263,1045.0,1038.0,986.0,9.0,8.6,8.0
2018-01-18 18:30:12.777201,-1.709,0.61,-4.437,1.831,2.841,1.263,-1.705,0.603,-4.439,1.835,2.845,1.271,1044.0,1037.0,985.0,8.9,8.5,8.0
2018-01-18 18:30:12.969212,-1.709,0.609,-4.439,1.832,2.841,1.265,-1.711,0.608,-4.444,1.842,2.842,1.272,1044.0,1036.0,984.0,8.8,8.5,8.0
2018-01-18 18:30:13.161223,-1.71,0.609,-4.44,1.833,2.842,1.266,-1.704,0.613,-4.452,1.833,2.847,1.267,1046.0,1036.0,983.0,8.7,8.5,8.1
2018-01-18 18:30:13.353234,-1.711,0.608,-4.441,1.834,2.842,1.268,-1.714,0.604,-4.442,1.832,2.845,1.269,1048.0,1036.0,983.0,8.6,8.6,8.2
2018-01-18 18:30:13.545245,-1.712,0.608,-4.442,1.834,2.842,1.269,-1.708,0.612,-4.444,1.835,2.847,1.272,1050.0,1037.0,983.0,8.6,8.7,8.3
2018-01-18 18:30:13.737256,-1.712,0.607,-4.442,1.835,2.843,1.269,-1.704,0.6,-4.442,1.837,2.848,1.269,1050.0,1037.0,983.0,8.6,8.8,8.4
2018-01-18 18:30:13.929267,-1.713,0.606,-4.442,1.835,2.844,1.269,-1.71,0.605,-4.441,1.836,2.844,1.274,1049.0,1038.0,984.0,8.7,8.8,8.4
2018-01-18 18:30:14.121278,-1.713,0.606,-4.441,1.835,2.845,1.269,-1.715,0.612,-4.443,1.83,2.842,1.255,1048.0,1038.0,985.0,8.8,8.9,8.3
2018-01-18 18:30:14.313289,-1.714,0.605,-4.441,1.836,2.845,1.269,-1.715,0.602,-4.444,1.844,2.853,1.273,1047.0,1039.0,987.0,9.0,8.9,8.3
2018-01-18 18:30:14.505300,-1.714,0.605,-4.44,1.836,2.846,1.268,-1.711,0.612,-4.442,1.836,2.848,1.269,1047.0,1039.0,988.0,9.1,9.0,8.3
2018-01-18 18:30:14.696311,-1.715,0.604,-4.44,1.836,2.847,1.268,-1.715,0.612,-4.444,1.839,2.848,1.279,1048.0,1039.0,990.0,9.2,9.2,8.4
2018-01-18 18:30:14.888322,-1.715,0.604,-4.44,1.836,2.847,1.268,-1.709,0.606,-4.448,1.835,2.849,1.266,1049.0,1040.0,992.0,9.3,9.2,8.4
2018-01-18 18:30:15.080333,-1.716,0.603,-4.441,1.837,2.847,1.268,-1.711,0.609,-4.443,1.833,2.845,1.277,1051.0,1041.0,993.0,9.4,9.3,8.4
2018-01-18 18:30:15.272344,-1.716,0.603,-4.441,1.837,2.847,1.268,-1.719,0.608,-4.447,1.833,2.844,1.266,1051.0,1042.0,994.0,9.5,9.3,8.4
2018-01-18 18:30:15.464354,-1.716,0.602,-4.442,1.837,2.847,1.269,-1.721,0.604,-4.449,1.834,2.85,1.278,1052.0,1043.0,996.0,9.5,9.3,8.4
2018-01-18 18:30:15.656365,-1.716,0.602,-4.443,1.838,2.847,1.269,-1.713,0.595,-4.441,1.84,2.854,1.274,1052.0,1043.0,996.0,9.5,9.2,8.3
2018-01-18 18:30:15.848376,-1.717,0.602,-4.444,1.838,2.847,1.27,-1.717,0.596,-4.445,1.845,2.855,1.274,1051.0,1042.0,995.0,9.4,9.1,8.2
2018-01-18 18:30:16.040387,-1.716,0.601,-4.445,1.839,2.849,1.27,-1.712,0.601,-4.45,1.842,2.843,1.273,1049.0,1041.0,993.0,9.3,9.0,8.1
2018-01-18 18:30:16.232398,-1.716,0.601,-4.445,1.84,2.85,1.271,-1.716,0.597,-4.447,1.839,2.848,1.286,1047.0,1039.0,991.0,9.2,8.9,8.0
2018-01-18 18:30:16.424409,-1.716,0.6,-4.446,1.841,2.851,1.272,-1.72,0.596,-4.449,1.836,2.853,1.278,1045.0,1038.0,988.0,9.1,8.7,7.9
2018-01-18 18:30:16.616420,-1.718,0.599,-4.446,1.843,2.851,1.274,-1.722,0.6,-4.447,1.852,2.848,1.278,1042.0,1036.0,986.0,9.0,8.6,7.8
2018-01-18 18:30:16.808431,-1.72,0.598,-4.447,1.846,2.852,1.275,-1.718,0.599,-4.451,1.847,2.843,1.281,1040.0,1036.0,984.0,8.9,8.5,7.8
2018-01-18 18:30:17.000442,-1.721,0.597,-4.448,1.847,2.853,1.276,-1.715,0.602,-4.453,1.847,2.852,1.275,1041.0,1036.0,983.0,8.8,8.5,7.8
2018-01-18 18:30:17.192453,-1.722,0.596,-4.448,1.849,2.853,1.277,-1.728,0.602,-4.453,1.843,2.852,1.284,1044.0,1037.0,984.0,8.7,8.6,7.9
2018-01-18 18:30:17.384464,-1.723,0.596,-4.449,1.849,2.853,1.277,-1.719,0.599,-4.455,1.851,2.853,1.277,1048.0,1039.0,986.0,8.7,8.8,8.0
2018-01-18 18:30:17.576475,-1.723,0.596,-4.449,1.848,2.854,1.277,-1.721,0.596,-4.447,1.847,2.862,1.281,1051.0,1040.0,989.0,8.8,9.0,8.1
2018-01-18 18:30:17.768486,-1.723,0.597,-4.45,1.847,2.854,1.277,-1.719,0.592,-4.456,1.845,2.85,1.27,1053.0,1042.0,991.0,8.9,9.2,8.3
2018-01-18 18:30:17.960497,-1.723,0.597,-4.45,1.846,2.854,1.278,-1.718,0.588,-4.453,1.853,2.844,1.274,1056.0,1044.0,992.0,9.1,9.3,8.5
2018-01-18 18:30:18.152508,-1.723,0.597,-4.451,1.846,2.854,1.278,-1.722,0.594,-4.448,1.842,2.857,1.276,1058.0,1045.0,993.0,9.1,9.4,8.7
2018-01-18 18:30:18.344519,-1.723,0.597,-4.451,1.845,2.854,1.278,-1.718,0.588,-4.451,1.853,2.856,1.281,1059.0,1045.0,993.0,9.1,9.4,8.7
2018-01-18 18:30:18.535530,-1.722,0.597,-4.452,1.845,2.854,1.279,-1.722,0.588,-4.457,1.848,2.855,1.284,1058.0,1045.0,992.0,9.1,9.3,8.7
2018-01-18 18:30:18.727541,-1.722,0.596,-4.453,1.845,2.855,1.28,-1.725,0.593,-4.448,1.847,2.855,1.28,1056.0,1043.0,991.0,9.0,9.2,8.7
2018-01-18 18:30:18.919552,-1.723,0.595,-4.453,1.845,2.855,1.28,-1.732,0.596,-4.454,1.849,2.863,1.279,1054.0,1041.0,989.0,8.9,9.1,8.6
2018-01-18 18:30:19.111563,-1.724,0.593,-4.454,1.846,2.856,1.28,-1.732,0.588,-4.456,1.849,2.869,1.282,1052.0,1039.0,986.0,8.8,8.9,8.5
2018-01-18 18:30:19.303574,-1.725,0.592,-4.454,1.847,2.856,1.28,-1.728,0.587,-4.457,1.848,2.864,1.287,1051.0,1038.0,984.0,8.7,8.7,8.3
2018-01-18 18:30:19.495585,-1.726,0.591,-4.455,1.848,2.857,1.281,-1.736,0.599,-4.458,1.848,2.859,1.282,1049.0,1038.0,983.0,8.6,8.6,8.2
2018-01-18 18:30:19.687596,-1.727,0.59,-4.456,1.849,2.858,1.281,-1.731,0.586,-4.45,1.86,2.865,1.278,1049.0,1038.0,983.0,8.6,8.5,8.2
2018-01-18 18:30:19.879607,-1.727,0.589,-4.457,1.849,2.859,1.283,-1.733,0.595,-4.456,1.855,2.864,1.28,1049.0,1039.0,983.0,8.7,8.5,8.2
2018-01-18 18:30:20.071618,-1.728,0.589,-4.458,1.85,2.861,1.284,-1.732,0.59,-4.457,1.861,2.869,1.296,1049.0,1039.0,984.0,8.8,8.6,8.3
2018-01-18 18:30:20.263629,-1.728,0.59,-4.459,1.852,2.863,1.286,-1.732,0.582,-4.465,1.859,2.868,1.289,1048.0,1040.0,986.0,9.0,8.8,8.3
2018-01-18 18:30:20.455640,-1.729,0.591,-4.459,1.853,2.865,1.287,-1.735,0.592,-4.453,1.853,2.868,1.289,1049.0,1040.0,987.0,9.1,9.0,8.4
2018-01-18 18:30:20.647651,-1.729,0.591,-4.459,1.854,2.867,1.288,-1.733,0.589,-4.46,1.847,2.859,1.295,1050.0,1040.0,989.0,9.2,9.2,8.5
2018-01-18 18:30:20.839662,-1.73,0.591,-4.459,1.855,2.867,1.289,-1.735,0.587,-4.455,1.858,2.867,1.286,1051.0,1041.0,992.0,9.3,9.5,8.7
2018-01-18 18:30:21.031673,-1.73,0.591,-4.458,1.855,2.867,1.289,-1.735,0.582,-4.452,1.853,2.874,1.281,1053.0,1041.0,994.0,9.5,9.7,8.9
2018-01-18 18:30:21.223684,-1.731,0.591,-4.458,1.855,2.866,1.289,-1.725,0.577,-4.459,1.859,2.871,1.292,1054.0,1041.0,996.0,9.6,9.9,9.0
2018-01-18 18:30:21.415695,-1.731,0.59,-4.458,1.855,2.865,1.288,-1.736,0.588,-4.457,1.864,2.87,1.292,1055.0,1042.0,996.0,9.6,10.0,9.2
2018-01-18 18:30:21.607706,-1.732,0.589,-4.458,1.856,2.865,1.288,-1.736,0.58,-4.466,1.856,2.861,1.291,1057.0,1043.0,997.0,9.6,10.0,9.3
2018-01-18 18:30:21.798717,-1.732,0.587,-4.459,1.857,2.866,1.287,-1.73,0.585,-4.461,1.86,2.867,1.29,1058.0,1045.0,997.0,9.5,9.9,9.3
2018-01-18 18:30:21.990728,-1.733,0.586,-4.459,1.858,2.866,1.287,-1.734,0.581,-4.467,1.865,2.873,1.289,1059.0,1045.0,996.0,9.3,9.8,9.2
2018-01-18 18:30:22.182739,-1.733,0.585,-4.459,1.858,2.867,1.287,-1.732,0.585,-4.458,1.855,2.876,1.291,1058.0,1043.0,994.0,9.1,9.5,8.9
2018-01-18 18:30:22.374750,-1.734,0.584,-4.46,1.86,2.868,1.288,-1.736,0.581,-4.467,1.866,2.87,1.289,1055.0,1041.0,990.0,8.8,9.2,8.6
2018-01-18 18:30:22.566761,-1.734,0.583,-4.462,1.861,2.868,1.289,-1.734,0.585,-4.468,1.857,2.867,1.303,1051.0,1038.0,987.0,8.6,8.8,8.2
2018-01-18 18:30:22.758772,-1.734,0.583,-4.463,1.861,2.868,1.291,-1.732,0.593,-4.462,1.855,2.862,1.297,1046.0,1034.0,983.0,8.4,8.5,8.0
2018-01-18 18:30:22.950783,-1.735,0.582,-4.464,1.862,2.868,1.294,-1.737,0.58,-4.467,1.866,2.877,1.296,1043.0,1029.0,980.0,8.3,8.3,7.8
2018-01-18 18:30:23.142794,-1.735,0.582,-4.465,1.862,2.868,1.296,-1.746,0.574,-4.465,1.868,2.881,1.298,1041.0,1026.0,978.0,8.2,8.2,7.7
2018-01-18 18:30:23.334805,-1.736,0.581,-4.466,1.863,2.869,1.297,-1.741,0.574,-4.465,1.865,2.868,1.298,1039.0,1025.0,978.0,8.3,8.3,7.6
2018-01-18 18:30:23.526816,-1.737,0.581,-4.466,1.863,2.869,1.298,-1.739,0.579,-4.464,1.858,2.873,1.3,1039.0,1026.0,979.0,8.5,8.4,7.7
2018-01-18 18:30:23.718827,-1.738,0.581,-4.466,1.863,2.87,1.297,-1.74,0.583,-4.463,1.869,2.872,1.295,1041.0,1029.0,982.0,8.7,8.7,7.8
2018-01-18 18:30:23.910838,-1.739,0.581,-4.466,1.864,2.871,1.296,-1.737,0.582,-4.477,1.874,2.871,1.303,1043.0,1032.0,987.0,8.9,8.9,8.0
2018-01-18 18:30:24.102849,-1.74,0.58,-4.465,1.864,2.871,1.295,-1.748,0.582,-4.469,1.863,2.871,1.301,1047.0,1037.0,991.0,9.1,9.1,8.1
2018-01-18 18:30:24.294860,-1.74,0.58,-4.465,1.864,2.872,1.294,-1.74,0.582,-4.469,1.885,2.881,1.304,1051.0,1041.0,994.0,9.2,9.2,8.2
2018-01-18 18:30:24.486871,-1.741,0.58,-4.465,1.865,2.873,1.294,-1.738,0.578,-4.462,1.87,2.878,1.297,1055.0,1044.0,997.0,9.3,9.2,8.4
2018-01-18 18:30:24.678882,-1.741,0.579,-4.466,1.865,2.875,1.294,-1.738,0.579,-4.475,1.868,2.883,1.309,1057.0,1046.0,999.0,9.4,9.3,8.4
2018-01-18 18:30:24.870893,-1.741,0.579,-4.466,1.866,2.876,1.294,-1.748,0.571,-4.478,1.859,2.88,1.298,1058.0,1046.0,1000.0,9.4,9.3,8.4
2018-01-18 18:30:25.062903,-1.741,0.578,-4.466,1.867,2.877,1.295,-1.75,0.574,-4.469,1.869,2.876,1.301,1058.0,1046.0,999.0,9.2,9.2,8.4
2018-01-18 18:30:25.253914,-1.742,0.577,-4.467,1.867,2.877,1.296,-1.739,0.579,-4.476,1.863,2.878,1.305,1058.0,1045.0,998.0,9.1,9.1,8.3
2018-01-18 18:30:25.445925,-1.742,0.577,-4.468,1.868,2.878,1.298,-1.745,0.571,-4.469,1.87,2.875,1.311,1056.0,1043.0,996.0,9.0,9.0,8.2
2018-01-18 18:30:25.637936,-1.742,0.576,-4.47,1.868,2.879,1.3,-1.745,0.575,-4.472,1.87,2.883,1.309,1054.0,1041.0,993.0,8.9,8.8,8.2
2018-01-18 18:30:25.829947,-1.742,0.576,-4.471,1.869,2.879,1.301,-1.745,0.575,-4.475,1.87,2.88,1.309,1052.0,1040.0,991.0,8.8,8.8,8.2
2018-01-18 18:30:26.021958,-1.743,0.576,-4.473,1.87,2.879,1.303,-1.749,0.571,-4.473,1.873,2.875,1.307,1051.0,1039.0,988.0,8.8,8.8,8.3
2018-01-18 18:30:26.213969,-1.743,0.575,-4.474,1.871,2.88,1.304,-1.737,0.575,-4.468,1.87,2.886,1.296,1052.0,1039.0,987.0,8.7,8.8,8.3
2018-01-18 18:30:26.405980,-1.744,0.575,-4.475,1.872,2.88,1.305,-1.748,0.584,-4.479,1.877,2.888,1.303,1053.0,1039.0,986.0,8.7,8.8,8.4
2018-01-18 18:30:26.597991,-1.744,0.574,-4.476,1.872,2.881,1.305,-1.742,0.572,-4.474,1.869,2.888,1.312,1053.0,1039.0,986.0,8.6,8.8,8.3
2018-01-18 18:30:26.790002,-1.745,0.574,-4.476,1.873,2.881,1.305,-1.75,0.567,-4.479,1.876,2.878,1.303,1053.0,1039.0,987.0,8.6,8.8,8.3
2018-01-18 18:30:26.982013,-1.745,0.573,-4.476,1.873,2.882,1.305,-1.752,0.571,-4.478,1.878,2.88,1.308,1053.0,1038.0,988.0,8.6,8.9,8.2
2018-01-18 18:30:27.174024,-1.746,0.572,-4.476,1.873,2.882,1.305,-1.746,0.562,-4.482,1.875,2.897,1.313,1054.0,1037.0,989.0,8.6,8.9,8.1
2018-01-18 18:30:27.366035,-1.746,0.572,-4.477,1.874,2.882,1.305,-1.746,0.571,-4.482,1.875,2.886,1.304,1054.0,1037.0,990.0,8.6,8.9,8.0
2018-01-18 18:30:27.558046,-1.747,0.571,-4.477,1.875,2.882,1.307,-1.749,0.567,-4.481,1.873,2.883,1.315,1054.0,1037.0,990.0,8.7,8.9,8.0
2018-01-18 18:30:27.750057,-1.747,0.571,-4.478,1.877,2.883,1.31,-1.757,0.57,-4.48,1.881,2.881,1.311,1054.0,1037.0,990.0,8.8,8.9,8.1
2018-01-18 18:30:27.942068,-1.748,0.57,-4.478,1.878,2.883,1.312,-1.748,0.571,-4.471,1.873,2.886,1.304,1055.0,1036.0,990.0,8.8,9.0,8.2
2018-01-18 18:30:28.134079,-1.749,0.569,-4.479,1.879,2.884,1.314,-1.752,0.566,-4.474,1.88,2.903,1.312,1055.0,1036.0,989.0,8.8,9.0,8.2
2018-01-18 18:30:28.326090,-1.749,0.569,-4.479,1.879,2.884,1.314,-1.75,0.571,-4.483,1.876,2.891,1.309,1055.0,1035.0,989.0,8.8,9.1,8.3
2018-01-18 18:30:28.518101,-1.75,0.568,-4.479,1.88,2.885,1.314,-1.754,0.572,-4.48,1.874,2.891,1.318,1054.0,1035.0,988.0,8.9,9.1,8.3
2018-01-18 18:30:28.710112,-1.75,0.567,-4.479,1.88,2.886,1.313,-1.752,0.564,-4.485,1.878,2.887,1.312,1052.0,1034.0,987.0,8.8,9.1,8.3
2018-01-18 18:30:28.902123,-1.751,0.567,-4.479,1.88,2.886,1.313,-1.748,0.571,-4.485,1.887,2.891,1.312,1052.0,1033.0,986.0,8.8,9.1,8.3
2018-01-18 18:30:29.093134,-1.751,0.566,-4.48,1.88,2.887,1.312,-1.762,0.563,-4.488,1.888,2.894,1.319,1051.0,1032.0,986.0,8.7,9.0,8.3
2018-01-18 18:30:29.285145,-1.752,0.565,-4.481,1.88,2.888,1.312,-1.745,0.563,-4.482,1.884,2.891,1.32,1050.0,1031.0,986.0,8.7,8.9,8.2
2018-01-18 18:30:29.477156,-1.752,0.564,-4.482,1.88,2.887,1.311,-1.755,0.563,-4.49,1.879,2.894,1.322,1048.0,1030.0,985.0,8.7,8.9,8.1
2018-01-18 18:30:29.669167,-1.753,0.564,-4.483,1.88,2.885,1.311,-1.751,0.564,-4.476,1.888,2.893,1.314,1045.0,1029.0,984.0,8.7,8.8,8.1
2018-01-18 18:30:29.861178,-1.753,0.563,-4.484,1.88,2.884,1.312,-1.761,0.564,-4.486,1.882,2.893,1.317,1043.0,1029.0,984.0,8.8,8.7,8.1
2018-01-18 18:30:30.053189,-1.754,0.563,-4.485,1.881,2.884,1.313,-1.75,0.572,-4.492,1.882,2.891,1.327,1041.0,1030.0,985.0,8.9,8.6,8.0
2018-01-18 18:30:30.245200,-1.755,0.562,-4.485,1.881,2.884,1.314,-1.758,0.563,-4.49,1.887,2.897,1.322,1040.0,1031.0,985.0,9.0,8.5,8.0
2018-01-18 18:30:30.437211,-1.756,0.561,-4.486,1.882,2.886,1.315,-1.751,0.559,-4.492,1.888,2.896,1.318,1039.0,1031.0,985.0,9.0,8.5,7.9
2018-01-18 18:30:30.629222,-1.757,0.561,-4.486,1.882,2.888,1.316,-1.759,0.556,-4.48,1.878,2.898,1.32,1039.0,1031.0,985.0,8.9,8.5,7.9
2018-01-18 18:30:30.821233,-1.758,0.56,-4.487,1.883,2.891,1.316,-1.757,0.565,-4.492,1.885,2.906,1.318,1040.0,1031.0,985.0,8.8,8.5,7.9
2018-01-18 18:30:31.013244,-1.759,0.559,-4.487,1.883,2.893,1.316,-1.758,0.555,-4.493,1.893,2.896,1.32,1040.0,1031.0,985.0,8.8,8.5,7.9
2018-01-18 18:30:31.205255,-1.759,0.559,-4.487,1.884,2.895,1.316,-1.758,0.56,-4.492,1.891,2.896,1.318,1040.0,1031.0,985.0,8.7,8.4,7.8
2018-01-18 18:30:31.397266,-1.76,0.559,-4.488,1.885,2.897,1.316,-1.759,0.556,-4.499,1.881,2.898,1.319,1040.0,1031.0,984.0,8.6,8.2,7.8
2018-01-18 18:30:31.589277,-1.761,0.558,-4.488,1.885,2.898,1.316,-1.764,0.551,-4.494,1.883,2.899,1.328,1040.0,1030.0,984.0,8.4,8.1,7.7
2018-01-18 18:30:31.781288,-1.761,0.558,-4.489,1.886,2.899,1.316,-1.757,0.555,-4.492,1.895,2.896,1.318,1040.0,1029.0,983.0,8.3,8.0,7.6
2018-01-18 18:30:31.973299,-1.762,0.558,-4.49,1.887,2.899,1.317,-1.761,0.557,-4.498,1.893,2.898,1.324,1040.0,1029.0,983.0,8.1,8.0,7.6
2018-01-18 18:30:32.165310,-1.762,0.557,-4.49,1.888,2.899,1.318,-1.758,0.557,-4.492,1.886,2.893,1.325,1041.0,1029.0,983.0,8.1,7.9,7.5
2018-01-18 18:30:32.357321,-1.763,0.556,-4.491,1.889,2.899,1.319,-1.763,0.546,-4.488,1.887,2.908,1.329,1042.0,1030.0,983.0,8.1,8.0,7.6
2018-01-18 18:30:32.548332,-1.763,0.555,-4.491,1.889,2.899,1.32,-1.761,0.554,-4.497,1.893,2.905,1.319,1043.0,1032.0,985.0,8.2,8.1,7.6
2018-01-18 18:30:32.740343,-1.763,0.555,-4.492,1.889,2.899,1.32,-1.772,0.559,-4.495,1.891,2.902,1.325,1045.0,1033.0,987.0,8.3,8.2,7.7
2018-01-18 18:30:32.932354,-1.764,0.554,-4.492,1.889,2.899,1.321,-1.77,0.559,-4.496,1.888,2.902,1.33,1045.0,1035.0,989.0,8.5,8.3,7.8
2018-01-18 18:30:33.124365,-1.765,0.554,-4.492,1.89,2.899,1.322,-1.764,0.554,-4.5,1.893,2.9,1.327,1046.0,1038.0,990.0,8.7,8.4,7.9
2018-01-18 18:30:33.316376,-1.766,0.554,-4.493,1.89,2.9,1.322,-1.766,0.556,-4.489,1.892,2.899,1.327,1047.0,1039.0,991.0,8.8,8.5,7.9
2018-01-18 18:30:33.508387,-1.766,0.554,-4.494,1.89,2.9,1.323,-1.767,0.558,-4.497,1.89,2.897,1.319,1048.0,1039.0,991.0,8.8,8.7,8.0
2018-01-18 18:30:33.700398,-1.767,0.553,-4.495,1.89,2.901,1.323,-1.768,0.549,-4.505,1.905,2.907,1.33,1049.0,1039.0,991.0,8.9,8.8,8.2
2018-01-18 18:30:33.892409,-1.768,0.553,-4.495,1.89,2.901,1.323,-1.769,0.544,-4.487,1.895,2.899,1.317,1050.0,1039.0,991.0,9.0,8.9,8.4
2018-01-18 18:30:34.084419,-1.768,0.552,-4.496,1.891,2.902,1.323,-1.762,0.552,-4.496,1.887,2.907,1.321,1050.0,1040.0,992.0,9.1,9.1,8.5
2018-01-18 18:30:34.276430,-1.769,0.552,-4.496,1.891,2.902,1.324,-1.768,0.546,-4.488,1.89,2.897,1.329,1051.0,1041.0,993.0,9.1,9.2,8.7
2018-01-18 18:30:34.468441,-1.77,0.551,-4.496,1.891,2.903,1.323,-1.779,0.55,-4.492,1.895,2.914,1.325,1053.0,1042.0,995.0,9.2,9.3,8.9
2018-01-18 18:30:34.660452,-1.77,0.55,-4.496,1.892,2.903,1.322,-1.775,0.546,-4.493,1.892,2.903,1.332,1053.0,1043.0,997.0,9.2,9.4,8.9
2018-01-18 18:30:34.852463,-1.77,0.55,-4.495,1.892,2.904,1.321,-1.768,0.542,-4.502,1.894,2.899,1.329,1053.0,1043.0,999.0,9.3,9.4,8.9
2018-01-18 18:30:35.044474,-1.77,0.549,-4.495,1.893,2.904,1.32,-1.766,0.543,-4.501,1.893,2.907,1.332,1053.0,1043.0,1000.0,9.3,9.4,8.9
2018-01-18 18:30:35.236485,-1.77,0.548,-4.495,1.893,2.904,1.32,-1.773,0.551,-4.507,1.889,2.91,1.33,1052.0,1042.0,1001.0,9.2,9.3,8.8
2018-01-18 18:30:35.428496,-1.771,0.548,-4.495,1.893,2.904,1.32,-1.77,0.546,-4.49,1.899,2.9,1.332,1049.0,1039.0,1000.0,9.0,9.2,8.6
2018-01-18 18:30:35.620507,-1.771,0.547,-4.496,1.893,2.904,1.32,-1.777,0.547,-4.5,1.902,2.916,1.327,1047.0,1036.0,998.0,8.9,9.1,8.5
2018-01-18 18:30:35.812518,-1.772,0.546,-4.496,1.893,2.904,1.321,-1.776,0.547,-4.503,1.898,2.907,1.327,1045.0,1034.0,997.0,8.8,9.0,8.4
2018-01-18 18:30:36.003529,-1.773,0.546,-4.497,1.894,2.904,1.322,-1.77,0.542,-4.508,1.905,2.916,1.335,1043.0,1034.0,995.0,8.7,8.9,8.3
2018-01-18 18:30:36.195540,-1.773,0.545,-4.498,1.894,2.905,1.323,-1.778,0.546,-4.509,1.905,2.914,1.333,1042.0,1034.0,994.0,8.7,8.8,8.4
2018-01-18 18:30:36.387551,-1.774,0.544,-4.499,1.895,2.906,1.324,-1.778,0.537,-4.503,1.89,2.905,1.334,1043.0,1036.0,993.0,8.6,8.6,8.4
2018-01-18 18:30:36.579562,-1.775,0.544,-4.499,1.896,2.907,1.325,-1.779,0.543,-4.506,1.899,2.907,1.342,1044.0,1037.0,992.0,8.6,8.4,8.4
2018-01-18 18:30:36.771573,-1.776,0.543,-4.5,1.897,2.908,1.325,-1.777,0.541,-4.501,1.903,2.912,1.334,1044.0,1038.0,991.0,8.6,8.3,8.3
2018-01-18 18:30:36.963584,-1.777,0.542,-4.501,1.898,2.909,1.326,-1.778,0.534,-4.514,1.905,2.914,1.336,1043.0,1037.0,990.0,8.6,8.3,8.2
2018-01-18 18:30:37.155595,-1.777,0.541,-4.501,1.899,2.91,1.327,-1.769,0.542,-4.512,1.907,2.916,1.334,1043.0,1037.0,991.0,8.6,8.4,8.2
2018-01-18 18:30:37.347606,-1.778,0.541,-4.502,1.9,2.91,1.329,-1.783,0.542,-4.506,1.9,2.916,1.335,1044.0,1037.0,991.0,8.7,8.5,8.2
2018-01-18 18:30:37.539617,-1.778,0.54,-4.503,1.902,2.911,1.33,-1.775,0.546,-4.503,1.908,2.908,1.336,1046.0,1038.0,992.0,8.8,8.6,8.3
2018-01-18 18:30:37.731628,-1.779,0.54,-4.503,1.902,2.911,1.331,-1.787,0.537,-4.507,1.911,2.916,1.33,1047.0,1039.0,993.0,8.9,8.7,8.3
2018-01-18 18:30:37.923639,-1.779,0.541,-4.504,1.903,2.911,1.331,-1.787,0.54,-4.516,1.908,2.921,1.337,1048.0,1040.0,995.0,9.0,8.9,8.4
2018-01-18 18:30:38.115650,-1.78,0.541,-4.503,1.904,2.912,1.331,-1.779,0.54,-4.507,1.914,2.916,1.34,1051.0,1042.0,999.0,9.4,9.4,8.6
2018-01-18 18:30:38.307661,-1.78,0.541,-4.503,1.904,2.912,1.33,-1.784,0.543,-4.513,1.903,2.916,1.339,1055.0,1044.0,1004.0,9.6,9.8,8.9
2018-01-18 18:30:38.499672,-1.781,0.541,-4.503,1.904,2.913,1.329,-1.782,0.541,-4.497,1.904,2.918,1.337,1060.0,1047.0,1007.0,9.8,10.1,9.1
2018-01-18 18:30:38.691683,-1.782,0.54,-4.502,1.904,2.914,1.328,-1.775,0.536,-4.51,1.922,2.929,1.338,1063.0,1049.0,1011.0,10.0,10.3,9.3
2018-01-18 18:30:38.883694,-1.782,0.54,-4.501,1.905,2.916,1.327,-1.786,0.529,-4.508,1.916,2.923,1.337,1065.0,1050.0,1013.0,10.1,10.5,9.4
2018-01-18 18:30:39.075705,-1.781,0.54,-4.5,1.906,2.917,1.326,-1.786,0.537,-4.508,1.909,2.918,1.337,1065.0,1050.0,1014.0,10.2,10.5,9.4
2018-01-18 18:30:39.267716,-1.781,0.539,-4.5,1.907,2.917,1.326,-1.781,0.533,-4.51,1.916,2.914,1.338,1065.0,1050.0,1013.0,10.2,10.4,9.3
2018-01-18 18:30:39.459727,-1.782,0.538,-4.501,1.908,2.918,1.326,-1.791,0.533,-4.508,1.917,2.915,1.337,1064.0,1049.0,1012.0,10.0,10.3,9.2
2018-01-18 18:30:39.650738,-1.782,0.537,-4.501,1.909,2.918,1.327,-1.785,0.537,-4.508,1.911,2.918,1.345,1063.0,1048.0,1010.0,9.9,10.1,9.1
2018-01-18 18:30:39.842749,-1.783,0.535,-4.502,1.909,2.918,1.327,-1.789,0.531,-4.515,1.909,2.917,1.341,1061.0,1047.0,1008.0,9.8,9.9,9.0
2018-01-18 18:30:40.034760,-1.783,0.534,-4.502,1.909,2.918,1.327,-1.79,0.537,-4.513,1.904,2.923,1.348,1059.0,1046.0,1008.0,9.8,9.9,8.9
